"fips","pred"
1001,-19.7562113776529
1003,-19.8588669849163
1005,-21.1572466142109
1007,-21.5867601177151
1009,-20.7983474666554
1011,-19.4386654348387
1013,-20.0371363870098
1015,-20.5363352722245
1017,-21.1566612527645
1019,-19.6128467037296
1021,-21.7836460565486
1023,-21.2934312934324
1025,-20.9898914759555
1027,-20.4346518757423
1029,-19.2954123706168
1031,-22.5262567647405
1033,-19.2134975170774
1035,-19.7377147656899
1037,-19.5765281841596
1039,-21.1480010595205
1041,-19.5530342854193
1043,-20.8615774635886
1045,-21.1433078905412
1047,-20.5186735935627
1049,-20.1508846946742
1051,-19.8768019606778
1053,-20.771249359192
1055,-20.382184991501
1057,-19.1290444268105
1059,-20.1592911661919
1061,-19.366222923949
1063,-20.7917113458299
1065,-21.3712067913621
1067,-20.206513092243
1069,-20.5165952419229
1071,-20.1742766487363
1073,-19.2131096037111
1075,-20.0157457400199
1077,-17.4633179428673
1079,-19.4740192671365
1081,-18.9237056183762
1083,-20.1985222997972
1085,-21.7231596730954
1087,-18.7287016507288
1089,-20.282997421988
1091,-20.629136497204
1093,-20.7233773858015
1095,-21.9079772117177
1097,-21.7779024300212
1099,-20.222859447307
1101,-20.5694819608144
1103,-20.7340039698686
1105,-20.1775461328193
1107,-21.6515693686681
1109,-18.5964483233532
1111,-20.5104489223682
1113,-21.6785022059082
1115,-20.750028408119
1117,-19.9203306181471
1119,-20.9858082345564
1121,-20.4735509277785
1123,-21.9105123183375
1125,-19.2705990613005
1127,-21.132040262653
1129,-17.4689361090905
1131,-21.6576212208117
1133,-19.404745351397
2020,-18.0504300413786
2090,-19.4059579321451
2110,-18.6952523736568
2122,-16.4639808650786
2170,-19.3696774115272
4001,-25.0420844634361
4003,-22.683570693564
4005,-20.286652273398
4007,-20.6212236889333
4009,-18.7498950140474
4012,-17.0147525440536
4013,-22.2015974936734
4015,-20.2588127105221
4017,-22.8212717562351
4019,-21.8695674545925
4021,-21.3049834896626
4023,-21.3675005522639
4025,-21.4228036673114
4027,-21.7280883384752
5001,-21.420795546912
5003,-23.8342653629953
5005,-22.4377430772346
5007,-24.2211594434987
5009,-21.3999806791829
5011,-21.8350058691082
5015,-21.420795546912
5017,-23.0473630870498
5019,-23.2283181689039
5021,-20.7008305040384
5023,-23.0015147536347
5025,-67.4637321693525
5027,-22.2641460839618
5029,-21.6025719239536
5031,-24.0618364080928
5033,-21.8199790970822
5035,-24.6696007795148
5037,-22.9503229423521
5039,-20.7008305040384
5041,-22.2609967032392
5043,-21.98594278576
5045,-23.1670975701595
5047,-20.7008305040384
5051,-24.5932130281765
5053,-22.9760737226213
5055,-22.4271508615071
5057,-22.3325337358069
5059,-22.7479323542105
5061,-23.8569254396163
5063,-22.4271508615071
5065,-21.7127834447465
5067,-20.7008305040384
5069,-22.6273887312019
5071,-24.3984054657256
5073,2.78979763296705
5075,-24.2450970814908
5079,-27.0038985332131
5083,-22.3047379675553
5085,-24.642294320753
5087,-20.7008305040384
5089,-20.7008305040384
5091,-24.8062027603654
5093,-23.9086454310721
5095,-22.7247363854546
5099,-20.4088426062039
5103,-23.0505124677724
5105,-21.8103594815791
5107,-22.2987455513236
5109,-20.7240264727943
5111,-22.6877717273614
5113,-22.2854387964685
5115,-24.4634941675426
5117,-21.7127834447465
5119,-23.9264415867981
5121,-23.9409251231962
5123,-26.3008048364822
5125,-23.7810188889492
5127,-31.6883109295839
5129,-23.3743406156792
5131,-23.0104649436031
5133,-23.1577081201082
5135,-21.7127834447465
5137,-22.1670478919068
5139,-24.0295249302151
5141,-22.6903669409179
5143,-24.0736681728317
5145,-23.4114129664284
5147,-20.1168547083694
5149,-21.7127834447465
6001,-10.4022256998063
6005,-2.2234837064228
6007,-5.23191504058668
6009,-8.62949087832156
6011,-6.59326097744932
6013,-9.53312528400298
6015,-5.11684799532322
6017,-7.80257466230807
6019,-13.8300851465253
6021,-10.3462344483955
6023,-3.51821467817725
6025,-15.2297067295643
6027,-7.13760046720825
6029,-15.4096434478179
6031,-14.4728309456315
6033,-9.61744423798038
6037,-8.36831574190434
6039,-10.6859048616635
6041,-4.19691352879672
6045,-3.39784113729633
6047,-14.8975100058287
6051,-43.3643640604255
6053,-11.0724354800292
6055,-7.47855642112448
6057,-5.95585636225381
6059,-9.23544646022072
6061,-9.13680107553411
6063,-0.192958112470883
6065,-11.8718412993631
6067,-10.8832009136697
6069,-12.6946957716527
6071,-14.0925797807144
6073,-9.71558687786639
6075,-6.70867653192623
6077,-12.7376008707893
6079,-5.42596353333161
6081,-9.00814724678802
6083,-8.85394444046018
6085,-11.45027049753
6087,-5.90968219291605
6089,-8.77728963657962
6093,-5.78345187662562
6095,-9.67875504127748
6097,-7.8099938543859
6099,-13.2701100066578
6101,-12.7630018941904
6103,-6.87244267237788
6107,-13.6018511306987
6109,-1.8605089117177
6111,-10.8827338258476
6113,-7.37727892179669
6115,-11.0840754312911
8001,-16.0227026861314
8003,-6.95851075239613
8005,-14.2869299057895
8007,-8.46639757782313
8013,-11.5797348856699
8014,-15.4295878257634
8015,-11.0565652422625
8019,-7.73214569021081
8029,-12.2821014679589
8031,-12.4257118558685
8035,-13.802802198305
8037,-5.65931761404192
8039,-14.8388713993185
8041,-13.9922971277176
8043,-12.4273236722898
8045,-13.4749779762642
8049,-5.37601880586092
8051,-3.64366666829181
8059,-13.5065427222167
8063,-15.7488345761481
8067,-11.3820024133714
8069,-11.8895289701674
8071,-8.79113244249181
8073,-9.43780078619823
8075,-13.6534895667944
8077,-14.3625082991508
8081,-14.595524913594
8083,-10.7818529461419
8085,-13.0034839137112
8087,-15.4396574638606
8089,-13.9077735723183
8093,-11.0376303098734
8097,-57.0905956875423
8099,-12.0628179581981
8101,-13.331367352585
8105,-11.13192004085
8107,-9.52936219422327
8113,-56.045570706873
8117,-5.95684170236303
8119,-11.6918565066695
8123,-16.1756145820095
8125,-11.3040780362086
9001,-24.8062413475098
9003,-25.4733648181617
9005,-24.2710593441418
9007,-24.9329491975886
9009,-25.9798921927827
9011,-25.6356878787088
9013,-24.8762844253574
9015,-25.1690866646124
10001,-21.4660972410343
10003,-21.5679364227296
10005,-21.6287610900786
12001,-12.8118923570441
12003,-14.4885792850054
12005,-13.8870940475352
12007,-16.4437213364624
12009,-14.7055770698925
12011,-13.9376478903642
12013,-14.3096499336231
12015,-13.0020498795608
12017,-13.0998628059703
12019,-15.502363963481
12021,-12.5528888395848
12023,-15.7428369334933
12027,-13.1705049689816
12029,-13.6445472517372
12031,-15.4756523337925
12033,-14.8327265630133
12035,-14.6693218274884
12037,-9.82231610696916
12039,-18.2991964466967
12041,-13.9048378053996
12043,-11.6758073420139
12045,-10.5741879619137
12047,-12.9715281300958
12049,-12.8427693781259
12051,-17.9268362309899
12053,-14.1182624878071
12055,-13.6053465948451
12057,-14.0879794464216
12059,-14.7893265125384
12061,-13.0540031062115
12063,-14.0824175194807
12065,-15.3395165377542
12067,-13.3115230150777
12069,-13.5850840201781
12071,-13.9134727236466
12073,-14.2968526166308
12075,-14.2856521091607
12079,-15.7816571136026
12081,-13.3827328423989
12083,-14.7894830068105
12085,-14.5380886989474
12086,-14.8282747181975
12087,-10.6768163855418
12089,-14.0919260121877
12091,-12.6443285076707
12093,-13.9051296255086
12095,-13.3619261684657
12097,-12.2808629050687
12099,-13.999755317363
12101,-14.9685071966076
12103,-14.0424751874553
12105,-14.1665027142603
12107,-15.5249027619142
12109,-13.9292657993214
12111,-15.132437663809
12113,-14.4719983559294
12115,-12.2309191256809
12117,-14.3983552871528
12119,-12.4335307080195
12121,-16.0329703915331
12123,-11.870501561621
12125,-12.5142378745332
12127,-13.272153028337
12129,-15.4347063745289
12131,-12.3237490070971
12133,-13.5456723881698
13001,-17.5153892658653
13003,-17.0810362472954
13005,-17.5738093341869
13009,-15.8546124672656
13011,-17.0594939229618
13013,-17.302212991104
13015,-13.6885323315879
13017,-16.7115847773911
13019,-16.3395316715134
13021,-16.8849511802054
13023,-14.7029126299026
13025,-16.3373472631218
13027,-15.9998724115609
13029,-15.7533079593093
13031,-13.5764892803598
13033,-16.443620726659
13035,-16.2360622945278
13039,-15.7324097705224
13043,-13.5041848682127
13045,-14.7384682454652
13047,-15.5286042029456
13049,-14.4838002383348
13051,-14.5964614732585
13055,-14.8231910611118
13057,-14.9668393752594
13059,-11.066093932121
13063,-15.9926666932948
13065,-16.7225085878999
13067,-14.3713565876331
13069,-15.5600556105385
13071,-17.4281958722212
13073,-16.1291003448618
13075,-16.6346895522811
13077,-15.0759882212418
13079,-17.8900545418556
13081,-15.6391730215603
13083,-14.6233798893422
13085,-15.9684506675267
13087,-17.7126471503879
13089,-15.4500059571114
13091,-16.3413781696469
13093,-17.51264889111
13095,-16.5777083741489
13097,-16.1870155444823
13099,-17.7031360745391
13103,-15.513576935815
13105,-15.3186962209636
13107,-17.8146858622276
13109,-15.6010455230832
13111,-13.9358492597954
13113,-13.8863211381159
13115,-14.1833487437464
13117,-16.2534330565763
13119,-14.6101831556094
13121,-13.597346340647
13123,-15.5325741766578
13127,-13.6214104364084
13129,-15.1599078903749
13131,-18.1333830158162
13133,-15.5605114878163
13135,-15.6041055943601
13137,-17.9649103283807
13139,-17.1675479658324
13143,-15.6998170515048
13145,-15.7208413279746
13147,-13.8759286197599
13149,-14.0851977800915
13151,-16.1853768471479
13153,-16.5054878179065
13155,-15.2740696591966
13157,-17.2794252134011
13159,-16.2759824283399
13161,-16.2368031654272
13163,-16.1132875135492
13167,-16.8993797490565
13169,-16.0256642016906
13171,-14.6800176108314
13173,-13.9135878931175
13175,-14.7727036224288
13177,-17.0482407971849
13179,-16.0735955615285
13181,-14.3220033510726
13183,-14.0732680277188
13185,-13.9205932035081
13187,-12.2230957034855
13189,-15.9989380839073
13191,-14.1627167893206
13193,-17.6428482294406
13195,-15.46659917649
13199,-17.4506485052977
13201,-15.674080465903
13205,-17.9213011945569
13207,-14.7097617893098
13209,-15.7701069415884
13211,-15.181004354402
13213,-16.526337201806
13215,-16.0189977273772
13217,-15.8938106609992
13219,-15.3551408016013
13221,-18.0019356289709
13223,-15.6856400627815
13225,-14.7191321834654
13227,-13.6789776509974
13229,-16.5370875993291
13231,-17.1003477336266
13233,-14.8853474137568
13235,-14.0862586279371
13237,-14.4269728898133
13241,-13.4709401999705
13245,-15.906419472424
13247,-16.2091203903728
13251,-15.299176210174
13253,-15.5960240352644
13255,-16.3048264445591
13257,-15.9460046088259
13261,-16.8081829089239
13263,-16.2591134156212
13267,-13.6944220766381
13269,-16.4735003787803
13271,-15.8603202257822
13273,-15.5470679725568
13275,-15.9153768121492
13277,-14.8612874112841
13279,-16.5134333964814
13281,-12.8674467966693
13285,-15.9302849496514
13287,-17.9594693217998
13291,-14.74875996856
13293,-17.625910882292
13295,-16.1114881254929
13297,-16.5179507523067
13299,-15.9048940592643
13303,-16.1631882429183
13305,-15.4146779170818
13311,-15.3031188813768
13313,-16.1006042412231
13315,-17.2857260637558
13317,-15.866914306518
13319,-16.7818751968141
13321,-16.442613953053
15001,-13.3024783064499
15003,-14.567102368265
15007,-7.81640005596523
15009,-10.4039757288844
16001,-18.930633544438
16005,-16.1767510750739
16011,-18.3018599572093
16013,-13.4478999067913
16017,-14.4773013568594
16019,-19.0659514125385
16027,-20.4062482438329
16029,-17.3953046816018
16031,-18.852212686531
16039,-18.263112549702
16043,-15.7402474136814
16045,-17.7400496011203
16047,-20.4022970794304
16051,-17.9135173193359
16053,-22.3575158956932
16055,-17.2476928178452
16057,-13.0642002262237
16065,-11.3147078121296
16067,-20.2118066426677
16069,-16.3460629388026
16073,-19.5958714456941
16075,-18.466369427317
16081,-14.2769402842486
16083,-19.8893578875046
16085,-9.78332080317847
16087,-12.3697791504567
17001,-17.4990035922193
17005,-14.5160580916845
17007,-19.1008927059561
17011,-15.6716296414261
17015,-15.9725280082089
17017,-15.0718657735783
17019,-11.7936952640343
17021,-15.2722681862102
17023,-15.7939045453842
17025,-15.0502272947737
17027,-16.9974295243566
17029,-13.5303127731387
17031,-17.292519866802
17033,-14.8343902459178
17035,-14.6689733498463
17037,-13.9839245002741
17039,-13.4461724644827
17041,-17.2949835732417
17043,-18.6259675210542
17049,-15.8026454889038
17051,-15.4156929787586
17053,-14.8082753396083
17055,-15.1269267377496
17057,-14.4244434176332
17061,-12.9291874317885
17063,-19.6790614999668
17065,-16.0216991238723
17067,-16.7518741352559
17073,-18.1407383752569
17075,-15.6300151677547
17077,-12.551659506937
17079,-13.7616265324085
17081,-17.2505509263984
17083,-16.2873276458203
17085,-12.0792818520339
17087,-13.2545344847363
17089,-19.4129377298427
17091,-18.1162114670213
17093,-20.7733250014441
17095,-15.9069263220391
17097,-19.1320449610991
17099,-16.9830481817889
17101,-11.4740181260922
17103,-16.5450216993452
17105,-17.0293564486945
17107,-13.3176262498234
17109,-10.6505802055161
17111,-18.4753665236131
17113,-12.2583536349615
17115,-17.0118624904034
17117,-17.7192611694418
17119,-17.4876284037168
17121,-18.497139927091
17123,-15.5732686184133
17125,-16.0095328841671
17127,-12.6672133082401
17129,-17.2568741734063
17131,-15.2698205766924
17133,-18.7806187857913
17135,-16.5342513183453
17137,-14.0057894315201
17139,-16.2373027579313
17141,-20.1370310099461
17143,-17.6747569165479
17145,-13.4132631146538
17147,-16.9544958571899
17149,-13.6652865031623
17157,-18.2881528095945
17159,-16.087644312259
17161,-18.7462264408627
17163,-18.2176034511255
17165,-15.1561404218772
17167,-16.4114932538327
17169,-18.422029503988
17173,-15.8213624000986
17177,-16.2934176643575
17179,-17.1106694005499
17181,-16.4672981373241
17183,-15.8125162390446
17185,-14.0098940857563
17187,-16.9409913684721
17189,-16.1869575316218
17191,-14.9948379357034
17193,-13.3396585871612
17195,-16.5672210843771
17197,-19.9926404009841
17199,-16.0321054596341
17201,-18.3678393611226
17203,-15.4361765938304
18001,-21.4571091803647
18003,-23.1712209681214
18005,-22.6671263423738
18007,-20.8189728770149
18009,-21.789050226192
18011,-22.7980537859757
18015,-21.9770537910329
18017,-26.9596977240538
18019,-21.6149915359536
18021,-23.8128300976799
18023,-23.1568168417997
18025,-20.0791877138606
18027,-24.8579985954784
18029,-21.9320728225598
18031,-22.2663497400194
18033,-22.0747946944618
18035,-19.0497982970607
18037,-22.4824049407732
18039,-24.7191596597308
18041,-20.7417928476538
18043,-21.9876445113599
18045,-20.9994661368513
18047,-22.8067620283977
18049,-21.7927705822197
18051,-20.6870893133302
18053,-21.3430883091844
18055,-22.8152508066455
18057,-22.9438097781356
18059,-23.5880393573408
18061,-23.3586793457651
18063,-23.6121100423027
18065,-21.4987185198067
18067,-20.1862816479934
18069,-20.4202423973895
18071,-25.1540722112281
18073,-21.8107427042594
18075,-22.2405075547405
18077,-22.470633133282
18079,-22.8746105181021
18081,-22.1445523194224
18083,-20.5578936119659
18085,-22.7670276946051
18087,-25.2348021625534
18089,-23.5299137334364
18091,-21.885906782494
18093,-22.9642762904077
18095,-22.5579753664514
18097,-23.0367993737799
18099,-24.1730899739997
18101,-22.0417348329794
18103,-22.3727102955811
18105,-16.3711626176167
18107,-23.0401386999183
18109,-23.2202130445551
18111,-22.999147366877
18113,-22.7389622009079
18115,-15.0730151043623
18117,-17.080933089623
18119,-21.1560070474002
18121,-20.7994556010881
18123,-20.0665401050677
18125,-20.3205085415934
18127,-23.1325692553311
18129,-21.8511624998389
18131,-21.5179567305316
18133,-20.8206671179543
18135,-22.3357228020111
18137,-21.4393755636098
18139,-22.5390142761256
18141,-23.0672544592192
18143,-23.756595519571
18145,-23.2493580878931
18147,-20.3878615353741
18149,-22.288133125579
18151,-20.4991649586152
18153,-20.7707042518282
18155,-18.7835285969203
18157,-17.810831930493
18159,-20.3859043075726
18163,-22.2197308083882
18165,-21.3327209510529
18167,-19.3259834700094
18169,-21.3718525467857
18173,-23.5622819176018
18175,-23.4371698571043
18177,-21.5995284549708
18179,-20.5491278493708
18181,-22.6308746847729
18183,-23.0413155427468
19001,-29.7079004858771
19005,-23.0628611481155
19007,-20.6995303671587
19011,-23.4979228962064
19013,-26.2432709625183
19015,-23.0247030104289
19017,-25.5656474544422
19019,-23.4152461198864
19021,-21.7127834447465
19023,-20.4088426062039
19027,-19.8248668105349
19029,-20.7008305040384
19031,-24.2319155183567
19033,-23.1601563654986
19037,-22.3047379675553
19039,-21.7127834447465
19041,-22.0127500697208
19043,-22.6213722529188
19045,-25.3424419985714
19047,-22.5987121762979
19049,-23.5929804619826
19055,-21.7127834447465
19057,-24.2617066158996
19059,-20.4088426062039
19061,-24.0251259035877
19065,-22.5303245244527
19069,-20.7008305040384
19073,-22.2474146615716
19075,-23.0505124677724
19077,-22.4327484876201
19079,-21.7127834447465
19081,-21.0791991864795
19083,-22.0127500697208
19085,-22.6846223466387
19087,-24.0857444318953
19095,-23.683577068143
19097,-22.7585245699379
19099,-25.0054439677844
19101,-23.3166909082634
19103,-23.01799512883
19105,-23.9576508571715
19107,-22.0127500697208
19109,-20.1168547083694
19111,-22.3047379675553
19113,-25.3231332110743
19115,-27.82714653696
19121,-21.5867592355898
19123,-22.8163200060556
19125,-23.0505124677724
19127,-27.3251647398075
19129,-21.7127834447465
19131,-21.2184049587704
19133,-22.7798172824447
19137,-20.4088426062039
19139,-25.6794246668473
19141,-22.3047379675553
19145,-22.2303578994785
19149,-23.7366893261627
19153,-24.6117436970096
19155,-22.535938060861
19157,-22.5927796386223
19163,-25.5281503667956
19165,-23.2958760405342
19167,-22.5529846010737
19169,-23.8832707890948
19171,-25.4727866525578
19173,7.53521363163781
19175,-20.7008305040384
19179,-22.957765777357
19181,-24.0856613772364
19183,-24.3301945057071
19187,-22.4327484876201
19189,-21.7127834447465
19191,-23.7323284553311
19193,-25.0343708250193
19195,4.81370351438326
19197,-20.4088426062039
20003,-21.2811224920581
20005,-22.7485736315719
20009,-23.7291542425101
20011,-22.8463292997494
20015,-23.9189294991647
20021,-23.3297380455438
20027,-22.5386779427165
20029,-22.6061990505896
20031,-24.8438908144357
20035,-20.4073588118024
20037,-21.5144350333943
20041,-20.9838849371071
20043,-20.5323925693161
20045,-21.8949881242981
20051,-21.2604571016369
20055,-26.54901134295
20057,-28.6070070511083
20059,-23.8187721235161
20061,-25.6197154771721
20079,-24.0254396915245
20085,-19.5830096192656
20087,-24.3416812980204
20091,-23.8027046705153
20099,-26.153373362994
20103,-25.4044754396076
20107,-23.2465800585614
20111,-24.8012650478866
20113,-24.6001025065628
20115,-23.4710092148347
20121,-23.3177000926765
20123,5.16252593157218
20125,-23.5380964231397
20127,7.99971359407436
20133,-23.1430337175953
20139,-23.2991204048439
20149,-23.8321290523335
20151,-20.5442774164003
20155,-23.8518683110753
20161,-22.1387584376224
20169,-24.3444784785173
20171,-15.6172745912664
20173,-26.212880134688
20175,-28.5316259052253
20177,-25.8521126710285
20181,-21.8776161031947
20189,1.08672603817465
20191,-22.068169980249
20205,-21.9464002665832
20209,-25.7350590674883
21001,-25.5079663099215
21003,-22.1407605897856
21005,-22.1789991960334
21007,-22.7247363854546
21009,-23.2497536751915
21011,-22.3047379675553
21015,-25.6332708877712
21017,-21.8807669464403
21019,-24.1988444040908
21021,-24.2617066158996
21023,-23.2497536751915
21025,-8.14324094328251
21027,-22.8223124222872
21029,-24.4401965451534
21031,-25.7786641716625
21033,-24.201612503697
21035,-23.7309012304596
21037,-24.6244076750009
21041,-21.2184049587704
21043,-22.7247363854546
21045,-20.7008305040384
21047,-24.6761504849594
21049,-22.8491356165433
21051,-20.7008305040384
21053,-21.7127834447465
21055,-23.4253312909575
21059,-24.6331354385011
21061,-23.0473630870498
21067,-23.1383031184985
21069,-21.7127834447465
21071,-22.4327484876201
21073,-23.4991125411001
21075,-30.847263844196
21077,-20.7008305040384
21079,-20.7008305040384
21081,-24.0306635349053
21083,-25.5635790028578
21085,-23.3338944607876
21087,-20.7008305040384
21089,-24.0624654084805
21091,-23.0247030104289
21093,-24.2623300603537
21097,-21.242636398163
21099,-21.7127834447465
21101,-24.310456910275
21103,-22.4327484876201
21107,-25.1691454758242
21109,-25.7094511073321
21111,-24.2588563100043
21113,-24.0651200337564
21115,-20.7008305040384
21117,-24.2172443764899
21119,-22.3047379675553
21121,-23.0505124677724
21123,-22.5561339817963
21125,-22.9378697951604
21127,-20.4088426062039
21133,-20.7008305040384
21135,-9.30452273347878
21137,-22.2987455513236
21139,-20.7008305040384
21141,-22.9503229423521
21145,-23.5860750135529
21147,-23.4784896128115
21149,-23.3106984920317
21151,-23.1147445141077
21155,-24.1535134608898
21157,-24.2617066158996
21159,6.5232606909297
21161,-20.396036013988
21163,-21.8787471334243
21167,-23.414266945096
21171,-22.3047379675553
21173,-22.1579641685385
21175,-20.7008305040384
21177,-24.9086357966099
21179,-22.962365900796
21181,-21.8824297892785
21183,-24.8371505462768
21185,-24.0224178843112
21191,-23.0505124677724
21193,-22.7247363854546
21195,-22.5954257285101
21197,-20.4088426062039
21199,-23.509074404166
21203,-23.9096246058625
21205,-21.7127834447465
21207,-23.6411668537015
21209,-24.3603948851224
21211,-23.8604280740746
21213,-23.4556698351999
21215,-23.1222790472615
21217,-22.5561339817963
21219,-23.9086454310721
21221,-22.7247363854546
21223,-21.7127834447465
21225,-23.2423108401866
21227,-25.1672172781168
21229,-21.8103594815791
21231,-22.411933619891
21233,-23.9511228727482
21235,-23.7366893261627
21239,-24.184373264503
22001,-25.2588611167507
22003,-20.8001392500444
22005,-25.8229388959312
22007,-26.3185057353648
22009,-22.5195176639919
22011,-23.7699211807425
22013,-26.1577175218157
22015,-24.2105477606987
22017,-23.7125340071984
22019,-22.7342412145798
22021,-26.5507490158656
22023,-21.921292904496
22025,-25.1536440124047
22027,-25.2766891461534
22029,-25.5138753483324
22031,-26.4591461044667
22033,-23.117134400734
22037,-25.6873013973289
22039,-24.005607895183
22041,-24.7689725750426
22043,-23.3534961674496
22045,-24.4424424796132
22047,-25.7962060702712
22049,-25.0275620850047
22051,-22.5723603349021
22053,-23.9773930509508
22055,-22.284487190674
22057,-25.5093069820233
22059,-25.5858724216002
22061,-16.0192488051923
22063,-25.4544789292114
22065,-18.6528899756822
22067,-24.0534556066925
22069,-25.498954006812
22071,-19.1202348082404
22073,-24.9973529659226
22075,-25.0548484838487
22077,-25.5287032295853
22079,-24.5368698829122
22081,-24.8845512964749
22083,-25.2096207056531
22085,-25.987199597952
22087,-22.9348003643396
22089,-25.2228555835897
22091,-27.1798940979885
22093,-25.6899679598193
22095,-23.6581048994429
22097,-25.2292988434155
22099,-24.7222660173761
22101,-23.7665155834397
22103,-23.2963480552972
22105,-24.5232431813589
22109,-23.9628748002885
22111,-25.5064334452515
22113,-25.2859126074681
22115,-23.4490791983253
22117,-24.6736276527474
22119,-22.2551683541681
22121,-23.6851452239682
22123,-23.1367629384615
22125,-23.3444531658403
22127,-25.6421221146005
23001,-15.4297026048257
23003,-14.3932377837514
23005,-15.028780505267
23007,-14.9331948928848
23009,-13.8753754495211
23011,-16.7535988695058
23013,-14.185615589745
23015,-13.3421729744357
23017,-14.2155419203238
23019,-16.4448969515058
23021,-14.046164342344
23023,-15.056120950072
23025,-17.8586916307396
23027,-16.3707168210838
23029,-13.0608065283138
23031,-15.7709818328903
24001,-24.3067338940646
24003,-25.8144208531994
24005,-26.0242751067754
24009,-25.9101324225175
24011,-25.3138824682809
24013,-25.1176388700624
24015,-25.6167202235309
24017,-26.4205142746412
24019,-24.3050415980663
24021,-26.381592802205
24023,-20.0181043036445
24025,-26.0178903127592
24027,-25.678866954786
24029,-22.2307085525501
24031,-24.49803633696
24033,-25.818628335928
24035,-23.6224048473133
24037,-26.0779743212504
24039,-22.1454541124536
24041,-21.8318378846678
24043,-25.2256745776496
24045,-24.6982758462828
24047,-21.3875619363603
24510,-25.5702497067088
25001,-16.6188586222597
25003,-16.0068982602182
25005,-21.4206261926222
25007,-8.65964987445805
25009,-20.3175114742719
25011,-19.1297498787393
25013,-21.1645310615221
25015,-17.6723377017304
25017,-20.364490306003
25021,-19.8726197302262
25023,-21.2030061174739
25025,-17.6758248002222
25027,-21.7711988246188
26001,-15.6789993148574
26005,-23.1327158100132
26007,-20.9235879806085
26009,-16.4816987889597
26011,-18.6748243728147
26015,-22.157858993715
26017,-20.8389665363102
26019,-17.9274931825335
26021,-20.8151159550686
26023,-21.8204336204905
26025,-21.426812121939
26027,-22.1422942487489
26029,-15.4657395017323
26031,-17.83000662283
26033,-12.9250098337999
26035,-17.2154418959451
26037,-21.3112581273683
26039,-19.4203152228472
26041,-19.3743419526582
26043,-19.1542402625667
26045,-21.3618821569949
26047,-15.872746312398
26049,-22.1904526879874
26051,-18.3564413818926
26053,-16.331690789764
26055,-17.5507811255924
26057,-18.9220791889079
26059,-21.5051564406445
26061,-14.5523972172177
26063,-19.7431383666747
26065,-18.2528224021202
26067,-21.3558576139961
26069,-17.8748638569764
26073,-12.1398668771453
26075,-21.8457860523969
26077,-19.1332224028237
26079,-19.0710060322514
26081,-21.8032918566517
26085,-10.3370030945946
26087,-22.6952772653468
26089,-15.3034497615447
26091,-22.2202516713268
26093,-22.4025360245538
26097,-24.3739526013975
26099,-22.4936261688904
26101,-16.0914821768212
26103,-16.9302323212315
26105,-16.8857090786232
26107,-16.8272742303909
26109,-16.2556950212897
26111,-19.9496556748187
26113,-19.6779687544871
26115,-22.4384063856391
26117,-21.4059464287752
26119,-15.8106514755804
26121,-22.2124740489589
26123,-19.7568188234692
26125,-22.4134570832088
26127,-18.6382271886142
26129,-19.0554404582584
26133,-20.3413444995071
26137,-16.8904603102724
26139,-20.5879562876051
26143,-18.116133459809
26145,-21.3916304145792
26147,-21.8368823808412
26149,-21.7311974436056
26151,-21.1961063985171
26155,-23.0751101093695
26157,-20.9105111463419
26159,-20.5398797310671
26161,-19.0489569621335
26163,-22.4133782504606
26165,-17.542202003464
27001,-7.13127866343467
27003,-13.3423118812914
27005,-9.58688054568125
27007,-9.85950319168833
27009,-12.5180372506121
27013,-8.27936761578034
27015,-10.7599296010877
27017,-14.2427400966231
27019,-11.9811591169411
27021,-7.97903067534965
27023,-9.72970705513064
27025,-12.6619794537547
27027,-12.4592776992825
27033,-12.8035987363124
27035,-11.7695483983549
27037,-12.3503136962672
27039,-13.8004162338341
27041,-10.5479918004834
27043,-10.0387206952148
27045,-12.7317747869293
27047,-14.2582079044329
27049,-13.3000645549424
27053,-11.9655657417421
27055,-11.0917776836664
27059,-13.3894656453362
27061,-9.51127478895244
27063,3.06524948887029
27067,-11.3203066404475
27071,-18.0916853597082
27079,-14.0635013470977
27083,-10.9142923977035
27085,-12.1810256119812
27091,-10.6062198261632
27093,-12.4816153780837
27095,-8.46006634499311
27097,-9.68146170287308
27099,-13.9518338684516
27103,-10.6788341320586
27105,-16.592823936199
27109,-14.5926091580965
27111,-11.967706697586
27115,-10.1276081709657
27117,-17.5128357928855
27119,-11.9382905033372
27123,-11.2351932552235
27127,-7.0364313792822
27129,-10.8926112164296
27131,-10.3664246899711
27133,-13.7616134463753
27135,-10.2529673393671
27137,-10.2589364629103
27139,-13.1151001739735
27141,-13.2736702790534
27143,-10.0464058673493
27145,-9.79014157485235
27147,-11.6745331963699
27151,-18.2205087548329
27153,-12.0626999328174
27157,-11.4098730992427
27161,-10.9092885368931
27163,-13.0312048470386
27165,8.61043753578582
27169,-10.5493752825858
27171,-14.1646339108977
28001,-22.9828927888355
28003,-22.8937518249334
28007,-24.6240775922837
28009,-23.4096429758141
28011,-23.5026491023264
28013,-24.4909067078191
28015,-23.3464010739199
28017,-23.2330023703455
28019,-23.0864444615953
28021,-23.2116808861265
28023,-25.2485288386
28025,-23.8125980467316
28027,-21.32946991133
28029,-23.7067722455
28031,-25.0304390936061
28033,-24.0051062936802
28035,-22.029709230162
28037,-24.0877315648638
28039,-22.3127360959063
28043,-24.0514000002789
28045,-20.9544109537265
28047,-21.0274708541615
28049,-23.2537469512206
28051,-24.8511682581029
28057,-23.1887210474092
28059,-22.7023241181844
28061,-24.727334458056
28065,-24.5523524955231
28067,-25.8659350153902
28071,-20.5588158930955
28073,-24.9016985763193
28075,-25.4260098979204
28077,-24.5092518833845
28079,-25.383310492408
28081,-23.0294815196841
28083,-23.0540135388159
28085,-24.6635325492929
28087,-23.4126740771557
28089,-23.2533357073604
28091,-24.0126465217756
28093,-23.0969932985947
28095,-24.2324571979558
28097,-22.2520229179115
28099,-24.2643980041894
28101,-25.2673340335275
28103,-23.5590324539642
28105,-19.5824198876025
28107,-23.250871197763
28109,-22.6934175390002
28111,-23.1107119531109
28113,-24.0353396703117
28115,-23.2406747500672
28117,-23.1439726744041
28119,-18.8429282915506
28121,-24.2356870507109
28123,-26.5163347829404
28127,-24.5704196761543
28129,-25.6031135651329
28131,-22.1258620407648
28133,-23.2865625842619
28135,-20.697703981513
28137,-24.3503416759493
28139,-22.9616436016473
28141,-22.3157646913332
28143,-19.2373869081586
28145,-22.8180263079349
28147,-23.4953274601106
28149,-22.1595633185271
28151,-23.9429335897423
28153,-23.8607242826123
28155,-23.070818467318
28157,-25.7468634710221
28159,-23.4031136969736
28161,-24.7528502110609
28163,-25.4288507624729
29001,-24.7601950772692
29003,-22.1211387042885
29005,-22.8411037471621
29007,-22.1211387042885
29009,-23.8530566878702
29013,-23.7270324787134
29015,-23.2306676818292
29017,-23.4330582699708
29019,-25.5334548760143
29021,-25.9929882831167
29023,-26.7609049899296
29025,-23.1330916449966
29027,-24.5830272169121
29029,-25.5754970355035
29031,-25.5521749974882
29037,-24.3561615430069
29039,-23.8580512774846
29043,-24.8543837882879
29047,-25.9337861621564
29049,-24.6331637319948
29051,-25.023306183741
29053,-23.6506660997285
29055,-24.178832770188
29059,-23.1330916449966
29061,3.94820959106669
29069,-24.6446640752634
29071,-26.3852290314437
29073,-23.1330916449966
29075,-22.1211387042885
29077,-24.282473080752
29081,-24.4450112106789
29083,-23.5202427477051
29089,-23.1330916449966
29091,-24.4708206680225
29095,-25.9055515887174
29097,-25.6451166727029
29099,-27.132865716432
29101,-26.5761527959072
29107,-25.3021720614448
29111,-22.1211387042885
29113,-25.9396672217009
29115,-24.0448298338915
29117,-22.8411037471621
29119,-23.6506660997285
29121,-22.6387131590204
29123,-22.1211387042885
29125,-21.829150806454
29127,-23.7250461678053
29131,-22.1211387042885
29135,-25.7795908529822
29139,-24.4676712872999
29141,-22.8411037471621
29143,-25.3289536313222
29145,-24.5670293407408
29147,-23.7250461678053
29149,-22.1211387042885
29151,-23.8530566878702
29155,-25.0794431751637
29157,-25.8748551983909
29159,-25.5738216611399
29161,-22.1211387042885
29163,-24.4450112106789
29165,-25.9993102115977
29167,-22.1211387042885
29169,-25.1516222095489
29173,-21.829150806454
29175,-24.6626190404366
29177,-24.6700618754415
29181,-23.2306676818292
29183,-27.1291863583123
29185,-23.1330916449966
29186,-24.0416804531689
29187,-25.2188675056488
29189,-26.6960105731344
29195,-27.9448140355471
29201,-26.2993168618196
29207,-25.7281371814924
29209,-23.4330582699708
29213,-24.1165964133805
29217,-24.1450445857047
29219,-25.5789822814489
29221,-24.4708206680225
29225,-24.9883951227545
29229,-24.6321845572044
29510,-27.4705496690894
30003,0.483329140218695
30013,-14.8483842126006
30029,-17.010008741074
30031,-14.9894788196667
30041,-15.0369979747039
30043,-15.7647779349163
30047,-16.6025532780114
30049,-16.0582308892938
30053,-14.9893684330942
30063,-14.4998484581391
30067,-13.6544276427958
30081,-13.8719577133677
30083,-16.6127164320554
30093,-13.5853664121588
30095,6.84522613641447
30111,-16.8598591644346
31001,-25.7173646090049
31013,-20.7008305040384
31019,-24.8559532025181
31021,-20.7008305040384
31025,-21.7697675979857
31033,-22.7247363854546
31035,2.78979763296705
31037,-23.0505124677724
31039,-21.420795546912
31041,-37.8415149932219
31043,-26.4410580097937
31047,-27.6318851653671
31053,-23.9318413998279
31055,-21.0367964142137
31067,-24.8443822746889
31079,-27.4572247689983
31081,-24.3531531694354
31099,-23.9063356706947
31109,-25.2484750135686
31111,-22.7414975328618
31119,-22.5767885188177
31121,-21.4746370331875
31127,-17.2935291133721
31131,-20.7008305040384
31137,-20.7008305040384
31139,-20.7008305040384
31141,-23.0473630870498
31145,-20.7008305040384
31151,-23.7366893261627
31153,-24.3248946846349
31155,-22.3279339363111
31157,-24.6007960538673
31159,-21.7127834447465
31177,-22.8060054661672
31179,-20.7008305040384
31185,-23.2497536751915
32001,-19.8525588764646
32003,-18.8655474599268
32005,-19.1116758069367
32007,-20.4235089866043
32013,-23.8191762783451
32019,-22.6046007064101
32023,-21.3810637447592
32031,-20.9476861385079
32033,-19.7386638786002
32510,-20.6879885112973
33001,-11.1672531648394
33003,-7.22184301536192
33005,-11.6641616899708
33007,-7.62323342087323
33009,-7.67920938115956
33011,-14.4370560429959
33013,-12.4104040682723
33015,-12.936696154658
33017,-11.8461142626051
33019,-11.9474502681648
34001,-11.3435749847069
34003,-18.3687317003597
34005,-19.8467254449748
34007,-19.4180133420263
34009,-12.6843606899612
34011,-21.2755231536408
34013,-19.7022107905606
34015,-20.3810035612893
34017,-17.3174034244984
34019,-16.8549369869763
34021,-19.1757612653849
34023,-19.807043654193
34025,-17.6314277864592
34027,-18.4099076671699
34029,-18.6035746862162
34031,-19.0748543760894
34033,-20.5378570357539
34035,-19.8920525180408
34037,-18.0208943112554
34039,-20.1577184572815
34041,-18.3990003664888
35001,-19.2344367355475
35005,-19.3782627313024
35006,-16.7265860889752
35007,-12.7845356239848
35009,-20.6322676262294
35013,-18.2515032230639
35015,-20.837833159027
35017,-18.6980488038213
35019,-9.48219365480188
35025,-19.6387578148939
35027,-4.95886079573128
35028,-23.7339496027873
35029,-18.2826688331815
35031,-23.9286370464705
35035,-16.5906825937378
35037,-11.6611274472417
35041,-14.027423215354
35043,-21.9061200631721
35045,-23.2339432745334
35047,-14.5297145982681
35049,-15.208774634708
35053,-18.23337168522
35055,-9.64210019945229
35057,-18.131504118301
35061,-20.3319201143669
36001,-14.4895540471134
36003,-14.5499854855921
36007,-15.3078809029965
36009,-16.3518890174869
36011,-16.8092282413773
36013,-14.7758986861972
36015,-16.9928728574309
36017,-17.6636191883408
36019,-13.3695097289609
36021,-15.0135837386293
36023,-11.9416297418571
36025,-12.8352334361216
36027,-16.7381627678978
36029,-16.2675409040775
36031,-11.1829050933584
36033,-13.948803257014
36035,-18.3947020674997
36037,-17.640956687877
36039,-14.6521572778565
36043,-16.8606279806543
36045,-17.3460015666678
36049,-16.1829173776462
36051,-14.1331429935585
36053,-13.2009746887421
36055,-17.0527334467906
36057,-17.9586354292604
36059,-16.9377143258757
36063,-16.775055941358
36065,-16.3864673855809
36067,-16.5224248150207
36069,-15.5761200284152
36071,-18.4669073375785
36073,-16.9471927521818
36075,-16.8333152834008
36077,-10.4451213338949
36079,-16.5053106450923
36083,-16.8304018427542
36087,-17.3646454042105
36089,-15.7782627209861
36091,-16.4180432882469
36093,-16.8145731156717
36095,-14.3086259340769
36097,-12.155467181036
36099,-16.2017492421082
36101,-16.9964646131167
36103,-19.1334105218373
36105,-17.0313258734276
36107,-17.4895093832854
36109,-10.2875535206665
36111,-15.9954401991575
36113,-13.7000949702794
36115,-16.8135988607027
36117,-19.1847921812678
36119,-14.6893945068204
36121,-15.2073968688848
36123,-15.6114957712319
37001,-25.3562598302252
37003,-22.9550634104831
37005,-20.7569001306003
37007,-25.5817307603408
37009,-22.7087799273591
37013,-24.3475606372269
37017,-23.1725129741875
37019,-22.0343512538263
37021,-22.332104287757
37023,-25.3674138480993
37025,-25.6374232568569
37027,-25.043922564637
37031,-21.4928880954458
37033,-24.570640738386
37035,-24.4507983823683
37037,-26.076895033554
37039,-21.5331395407758
37041,-25.3682763809771
37043,-21.1923728996656
37045,-25.7604210062152
37047,-25.6833322188107
37049,-23.7936364070278
37051,-25.4265553487696
37053,-21.280021103722
37055,-20.9822430804022
37057,-25.8921127873421
37059,-24.1993299585404
37061,-26.0710953604738
37063,-25.1941459876272
37065,-26.4209081337357
37067,-24.2702609912086
37069,-24.9386535663463
37071,-25.6061878401295
37073,-24.7717083704253
37077,-26.2520715173707
37079,-25.5542895254979
37081,-24.2934451725533
37083,-25.1424469492708
37085,-24.3647889982448
37087,-22.5036987900919
37089,-24.3482296364651
37091,-24.1224741894918
37093,-26.2213433224826
37097,-24.2184689333114
37099,-19.0974836253262
37101,-25.3089946248441
37103,-25.1321462434488
37105,-26.6688812011305
37107,-26.1074531033336
37109,-24.7335488350338
37111,-24.8692595159391
37113,-19.6947954578868
37117,-24.9704011051137
37119,-24.6247578126782
37121,-23.7716969374852
37123,-24.5221072541587
37125,-24.9181238688767
37127,-25.4352873871712
37129,-22.5272511076783
37131,-26.1127409840077
37133,-23.2517378252329
37135,-24.1778780702397
37137,-22.735007220975
37139,-25.0660330587618
37141,-24.2414207596774
37143,-23.8619699575249
37145,-25.4787352643826
37147,-23.9988916712998
37149,-22.6618036084609
37151,-25.5123034189657
37153,-25.0740353787317
37155,-25.8930945809202
37157,-24.7270481122435
37159,-25.8809100580273
37161,-26.396574853431
37163,-25.777565930803
37165,-24.3444456742611
37167,-24.1684507597572
37169,-25.1400676352892
37171,-25.1457253988641
37175,-20.757591502923
37179,-25.6138513588471
37181,-25.0239343993887
37183,-24.0133857979137
37185,-23.0025079617467
37187,-23.6056905278926
37189,-17.9359468645969
37191,-28.2236685300514
37193,-22.6163208424777
37195,-25.4762165307412
37197,-23.295580993412
38003,6.94325910882907
38015,-23.815295704158
38017,-25.1807355312553
38035,-27.1323984415892
38053,-23.5680869225044
38059,-22.1213995834689
38061,-24.8512128933179
38071,-21.0791991864795
38077,-23.0505124677724
38089,-23.7322149061108
38093,-22.3047379675553
38099,-21.7207621718862
38101,-22.231741173888
38105,-23.2958760405342
39001,-18.6777649504993
39003,-22.0173724479306
39005,-19.6347657500963
39007,-21.8429437824877
39009,-12.5025066287522
39011,-22.2004984912784
39013,-21.041885094153
39015,-19.7542078007955
39017,-20.3592404174999
39019,-20.6599748167207
39021,-20.0039365169206
39023,-20.8036291504304
39025,-21.9698073334563
39027,-21.2997360775934
39029,-21.7281560669783
39031,-20.2479662982342
39033,-22.2665557638777
39035,-20.3798033749788
39037,-20.7154996959207
39039,-20.6736244293689
39041,-21.3653502526317
39043,-17.5138303525324
39045,-22.3740420419596
39047,-22.4912338303481
39049,-21.9902510144844
39051,-22.0542976439349
39053,-19.870893259977
39055,-21.3330058471747
39057,-21.1645448083027
39059,-21.5270723639238
39061,-22.0497182451523
39063,-21.1474528108973
39065,-19.5891972412814
39067,-19.4725663103751
39069,-20.6697511159803
39071,-19.0415833035754
39073,-19.2074546263869
39075,-20.4305598793382
39077,-20.8906630747369
39079,-22.2573945164402
39081,-21.8863250015955
39083,-19.1957522965446
39085,-21.5571576917313
39087,-22.2903495426697
39089,-21.2013110294222
39091,-20.7596848549615
39093,-21.0387143881022
39095,-21.9867643944179
39097,-20.2806668503809
39099,-20.9195767761821
39101,-26.7881905685104
39103,-20.5175928109248
39105,-18.807942854974
39107,-20.850194312421
39109,-20.9740418099504
39113,-21.5163785734057
39115,-26.6543530846292
39117,-22.6465592316113
39119,-19.550265898521
39121,-20.5206975411307
39123,-20.5481807818721
39125,-20.4572755467082
39127,-22.7576694885363
39129,-26.6931242408129
39131,-18.8861315695047
39133,-19.3855237798729
39135,-22.1204116866919
39137,-23.6347660478589
39139,-21.0413861213248
39141,-22.0057696986405
39143,-20.7093405047368
39145,-20.6269240003587
39147,-19.9477908961255
39149,-23.5299764866551
39151,-20.4455572584924
39153,-20.9952041059461
39155,-20.6302391762505
39157,-21.1420488711422
39159,-20.5922159322107
39161,-19.4503212157028
39165,-22.4144581635174
39167,-22.0069969738242
39169,-21.4988155804095
39171,-21.0430552302091
39173,-19.0736483100839
39175,-22.0345135005952
40001,-24.0028875210509
40003,-22.2474146615716
40005,-20.7008305040384
40009,-21.420795546912
40013,-22.4665366721034
40015,-25.2834297429388
40017,-23.719066530962
40019,-20.1168547083694
40021,-24.0544358439166
40023,-22.0127500697208
40027,-24.1501411392725
40031,-25.743133581897
40033,-22.7585245699379
40035,-23.2423108401866
40037,-23.9134584026177
40039,-22.7529269438249
40041,-24.9011638273033
40047,-23.0788525954483
40049,-22.8470639060889
40051,-23.9477142054422
40055,-25.0826637546186
40061,-21.7127834447465
40065,-22.2383366266182
40069,-22.3047379675553
40071,-22.8828299785841
40073,-23.3166909082634
40075,-22.3047379675553
40077,-21.8043670653475
40079,-23.0247030104289
40081,-23.3005411178992
40083,-22.5991069664165
40085,-21.420795546912
40087,-23.9880266633294
40089,-23.7366893261627
40091,-21.7127834447465
40093,-21.2867926106155
40095,-21.7127834447465
40097,-23.1368296222256
40099,-20.7008305040384
40101,-23.3157529002851
40103,-22.0603881317059
40105,-20.7416191432043
40107,-20.7008305040384
40109,-24.2900165468131
40111,-23.9576508571715
40113,-24.0396531079627
40115,-24.6523827829569
40117,-22.7799148155901
40119,-24.0431012834678
40121,-24.0002290516731
40123,-22.5825623859337
40125,-23.8088639105987
40131,-24.5934519300196
40133,-22.8237628410605
40135,-22.9320199095773
40137,-23.4663945325375
40139,-24.3564396172231
40141,3.80175057367515
40143,-23.9244913823846
40145,-24.6734227671354
40147,-24.9869104401412
40151,-22.3047379675553
40153,-20.7008305040384
41003,-17.3352844938381
41005,-22.2877381865125
41007,-16.6050748403869
41009,-22.7371945963398
41011,-14.8701108653771
41013,-17.300976979538
41015,-15.8184367734734
41017,-18.6277959536839
41019,-19.7518806553698
41027,-19.2618068221779
41029,-18.737178808577
41031,-18.5302822402427
41033,-18.5921316212782
41035,-20.630089430054
41039,-19.4422255794392
41041,-13.1755165970317
41043,-20.8339337119205
41045,-19.1755824664923
41047,-22.9600329727449
41049,-20.1271032091652
41051,-21.325651228472
41053,-21.6741862463865
41057,-17.097299169613
41059,-23.3204002346592
41061,-18.6459513660326
41065,-21.1700339406808
41067,-21.6205075600223
41071,-19.8976542360943
42001,-19.4609997691502
42003,-19.0787726997672
42005,-19.89928899802
42007,-19.4681177072658
42009,-17.9624829335421
42011,-21.3395467701503
42013,-18.6539510797845
42015,-19.0773597106421
42017,-19.9368503654303
42019,-19.9207731075665
42021,-18.7531571250347
42025,-20.7012025396353
42027,-17.2472142725126
42029,-19.7672348794685
42031,-18.0532250710464
42033,-18.162913993911
42035,-18.6714518741418
42037,-19.7738160723423
42039,-18.6647442451339
42041,-19.1700097446137
42043,-20.9699594113688
42045,-20.0700257793541
42047,-17.5509538729111
42049,-18.7622499408767
42051,-19.3721228074426
42055,-21.400379755657
42057,-17.5370287331932
42059,-19.3615331399025
42061,-19.2135864737371
42063,-18.2354464079582
42065,-17.5953679091447
42067,-22.0460218843007
42069,-19.9365928586241
42071,-20.5946851974231
42073,-19.3637896694846
42075,-21.2334066777701
42077,-21.8205788064688
42079,-21.402801491682
42081,-20.2741978377412
42083,-17.6553160739444
42085,-19.3391050174629
42087,-20.0143491586255
42089,-17.9075214806605
42091,-18.9359793903386
42093,-20.0767353879114
42095,-20.2571142392369
42097,-21.6650810055054
42099,-19.8060544638375
42101,-20.6066422705446
42103,-17.8705703543293
42105,-16.8322979225665
42107,-21.4588032358768
42109,-19.8869410703463
42111,-18.5879748407062
42115,-19.8808783799301
42117,-18.5654037465694
42119,-19.313045665894
42121,-17.9362989077599
42123,-15.5365396058508
42125,-18.281104145254
42127,-17.5423025270415
42129,-19.1305180094919
42131,-19.3935451523912
42133,-20.8715443201383
44001,-17.6234156065177
44003,-20.8418073127244
44005,-17.2754417807643
44007,-21.1132917104676
44009,-17.5813651360458
45001,-23.5276120816212
45003,-24.3417151615597
45005,-23.0247030104289
45007,-23.8217453085978
45009,-22.8449724989082
45011,-22.8223124222872
45013,-23.8649785781085
45015,-25.1024673708391
45017,-21.7791530547516
45019,-24.4326734609101
45021,-24.5536945137341
45023,-24.4954371431341
45025,-24.3862310387092
45027,-24.5788687868984
45029,-23.7985593053988
45031,-24.9910658314368
45033,-24.6295896487361
45035,-24.7749781195267
45037,-22.9138960428882
45039,-23.6352670315021
45041,-25.11332666322
45043,-23.5708991214818
45045,-24.6476417655602
45047,-24.6630136922127
45049,-25.1456490365428
45051,-23.7897199667673
45053,-23.0372815370644
45055,-22.0370550037085
45057,-23.4201819686432
45059,-23.9516584409399
45061,-23.5829128367543
45063,-24.4642401590159
45065,-11.9589393633349
45067,-23.5272608801738
45069,-24.8305122741512
45071,-23.862061131247
45073,-23.5808477697193
45075,-24.0720263469092
45077,-24.1337655054375
45079,-24.8199942396055
45081,-23.7446680533024
45083,-24.5359385445519
45085,-24.9757747565624
45087,-24.4358395013072
45089,-24.5526970110601
45091,-24.3490867353229
46005,-21.6185343880134
46011,-23.1222790472615
46013,-23.8832707890948
46027,-22.4377430772346
46029,-23.3915891703085
46035,-20.2420258568245
46065,-22.2641460839618
46081,-23.0934854523926
46083,-26.0650830113158
46093,-20.1168547083694
46099,-26.603467699229
46103,-23.1477003152812
46127,-23.2497536751915
46135,-24.3793026656862
47001,-15.1965665231616
47003,-18.560058440928
47005,-14.5905667759468
47007,-16.8664824455857
47009,-15.4892870073678
47011,-15.7431566012305
47013,-15.2846842477859
47015,-14.6066326111918
47017,-15.5857350772045
47019,-15.0012160424305
47021,-16.0328409904792
47023,-15.8122049830309
47025,-14.8481796716781
47029,-15.3470971053936
47031,-16.67025675344
47033,-17.1918397517535
47035,-16.5259597425925
47037,-15.1965991139695
47039,-15.7366439469631
47041,-17.1210391898769
47043,-16.8795404099424
47045,-17.1646485561997
47047,-17.8926722389114
47049,-14.7224561939628
47051,-16.1790459829545
47053,-17.4183412045224
47055,-15.4096037117172
47057,-14.7421383935989
47059,-15.72075863768
47061,-17.1606903661184
47063,-14.8802114280758
47065,-14.8218574886682
47069,-17.2123797552237
47071,-14.6050558258685
47073,-16.2177853032133
47075,-16.9255317957584
47077,-16.2565795057735
47079,-15.6033691254415
47081,-13.5366402632647
47083,-15.6394712273641
47085,-16.1857668764811
47087,-16.0691326491554
47089,-14.4279603344827
47091,-13.6341232778251
47093,-15.7562179063105
47095,-14.8347493564583
47097,-18.0573669911787
47099,-17.8229385474355
47101,-13.5209718030679
47103,-15.9655381070805
47105,-16.2225631277388
47107,-14.5238153139338
47109,-16.4162434960699
47111,-16.8943850361574
47113,-17.5618134883484
47115,-17.1367884260865
47117,-16.9461889619853
47119,-16.3071864601575
47121,-14.9534169754374
47123,-15.8439816862821
47125,-17.0864661057028
47127,-14.1380157609094
47129,-15.8061024141067
47131,-15.5625779289325
47133,-15.5549002042343
47139,-15.4601494886172
47141,-15.078789030155
47143,-14.7514721173628
47145,-15.8104401860968
47147,-17.9955269539443
47149,-16.7786703437053
47151,-16.8162494322173
47153,-13.5360920693541
47155,-11.6761607445651
47157,-17.2805281001061
47159,-16.1343527921487
47161,-16.6705942267769
47163,-15.8033523185844
47165,-16.4912125332781
47167,-18.6057741470817
47169,-17.2684768149837
47171,-13.2170803895849
47173,-14.8167254372438
47177,-15.6627816390023
47179,-15.6173780146436
47181,-14.0327829980587
47183,-15.293455857712
47185,-14.9369004037023
47187,-14.5072498244129
47189,-17.0339704993774
48001,-23.4447014283282
48003,-24.9995332431825
48005,-24.5165380373643
48007,-21.7127834447465
48013,-22.9138960428882
48015,-23.5422774651608
48019,-22.7247363854546
48021,-24.4401369905405
48025,-23.0505124677724
48027,-24.1278631649598
48029,-22.7818810266886
48031,-22.1407605897856
48035,-20.7008305040384
48037,-24.4452797798202
48039,-24.9014132931697
48041,-23.5544424159946
48049,-22.9123626480793
48051,-23.4447014283282
48053,-23.0038881426997
48055,-23.4447014283282
48057,-23.8594880907798
48059,-20.7008305040384
48061,-25.7705056779132
48063,-23.0247030104289
48065,-20.7008305040384
48067,-22.8194788905987
48071,-24.4634941675426
48073,-22.613929417914
48075,-20.7008305040384
48077,-22.0127500697208
48085,-23.6501801349145
48089,-23.2423108401866
48091,-23.3674693131786
48093,-22.0127500697208
48097,-22.3047379675553
48099,-25.9941352652233
48111,-21.7127834447465
48113,-24.5723380182126
48115,-23.4067411340555
48117,-23.3398868770192
48119,-20.7008305040384
48121,-24.4299508912093
48123,-23.4567443867721
48127,-20.7008305040384
48129,-25.2784623279456
48131,-20.7008305040384
48133,-21.1975900910412
48135,-24.6696419895637
48139,-24.1688743303156
48141,-25.4595811463068
48143,-23.1162866310298
48145,-20.1168547083694
48147,-23.1527135304937
48149,-23.665662959337
48157,-23.5844006763976
48159,-20.4088426062039
48161,-22.3047379675553
48163,-20.7008305040384
48165,-21.1288076490775
48167,-24.420653283671
48171,-21.7127834447465
48175,-23.0505124677724
48177,-21.420795546912
48179,-24.707545345348
48181,-23.605995094947
48183,-24.7499343376106
48185,-22.5293266978355
48187,-24.81281061827
48189,-23.0234028735492
48193,-23.0505124677724
48195,4.81370351438326
48199,-25.0661037581464
48201,-24.9679551281123
48203,-24.9877784566269
48209,-24.6091854882171
48213,-24.1535134608898
48215,-26.0264206488945
48217,-23.1420960883734
48219,-22.8497119305699
48221,-23.12800096823
48223,-21.8199790970822
48225,-20.7008305040384
48227,-20.2748396699074
48231,-24.0505730558734
48233,-23.7366893261627
48237,-22.7247363854546
48239,-22.4327484876201
48241,-23.115750738895
48245,-24.7608598100926
48249,-21.7127834447465
48251,-24.1692075936232
48253,-22.3047379675553
48255,-21.8103594815791
48257,-25.0343708250193
48259,-23.0807550115642
48265,-22.4327484876201
48273,-22.5987121762979
48277,-22.8319320377903
48279,-21.420795546912
48281,-22.3047379675553
48283,-20.7008305040384
48285,-21.8487726919511
48287,-21.7127834447465
48289,-22.5561339817963
48291,-24.8558379192065
48293,-22.9892552857554
48297,-22.0127500697208
48299,-21.3999806791829
48303,-24.5284041196128
48307,-22.3047379675553
48309,-22.7194119178336
48313,-21.7127834447465
48315,-22.3047379675553
48317,-21.420795546912
48321,-23.387218244392
48323,-23.7446680533024
48325,-22.7364095653291
48329,-24.3346352416333
48331,-23.3398868770192
48335,-20.7008305040384
48337,-22.7585245699379
48339,-24.5348105418417
48341,-26.6891414257678
48343,-22.4665366721034
48347,-25.4003794086046
48349,-23.6563840953176
48351,-21.420795546912
48355,-24.5583321282365
48361,-25.230494632547
48363,-23.115750738895
48365,-25.5854953497596
48367,-24.1568920645905
48369,-20.7008305040384
48371,-23.0505124677724
48373,-23.8569254396163
48375,-25.446119791196
48379,-21.7127834447465
48381,-25.5763118302089
48387,-20.7008305040384
48395,-20.9264170609359
48397,-24.9990004292471
48401,-23.7406619742076
48403,-20.7008305040384
48405,-23.8357157817686
48407,-23.770477510646
48409,-22.9503229423521
48415,-21.7127834447465
48419,-26.1839473267294
48423,-23.7028392377782
48427,-22.8449724989082
48429,-20.7008305040384
48439,-24.7984139169682
48441,-26.1726313143776
48445,-23.0737084365283
48449,-23.9086454310721
48451,-24.4708913949015
48453,-24.9505882728377
48455,-23.541741573026
48457,-23.3166909082634
48459,-23.1222790472615
48463,-22.8449724989082
48465,-23.5667195583901
48467,-23.201484797856
48469,-25.1778410176266
48471,-25.9107294804484
48473,-24.7278273991417
48477,-24.5666661616948
48479,-25.0346330980789
48481,-24.4596118103184
48485,-23.4957937226332
48487,-20.7008305040384
48489,-22.8163200060556
48491,-23.7885886945694
48493,-23.665746013996
48495,-22.3047379675553
48497,-22.5746108607809
48499,-23.0247030104289
48501,-20.7008305040384
48503,-21.6859761607857
48505,-23.3166909082634
48507,-20.7008305040384
49003,-14.3194057301371
49005,-12.6257303056464
49007,-14.6017465593105
49011,-14.5964202388611
49013,-16.7961032469912
49015,-14.7249709415773
49019,1.88773102084849
49021,-11.6935467060006
49023,-14.4344687654009
49027,-13.8238201748457
49029,-15.8685075014377
49035,-13.7434208829663
49039,-13.7402439460678
49041,-14.4906857145393
49043,-9.20527228774298
49045,-16.5172835850805
49047,-16.2578125568963
49049,-15.0319643459354
49051,-9.91916106021561
49053,-11.9342511087635
49057,-15.7791624927142
50001,-14.0057476035997
50003,-11.7173668860452
50005,-14.4862884713435
50007,-14.3704740029751
50011,-17.9699555376304
50015,-9.94076625394149
50017,-12.08334397672
50019,-12.9755169767817
50021,-14.6590429288885
50023,-14.6198368769822
50025,-14.0735073940859
50027,-13.2269962757235
51001,-26.0759239657205
51003,-24.5907962005928
51005,-22.6315706687147
51007,-24.8321451810749
51009,-24.2304714200239
51011,-25.4478105412151
51013,-24.8611004011989
51015,-26.2258024944515
51019,-25.1437204178801
51023,-24.7724802203414
51025,-24.2609798756851
51027,-26.2312461675555
51029,-72.3421174384776
51031,-24.877868679427
51033,-26.6016590224958
51035,-22.536464225117
51036,4.90054802884817
51037,-26.8174202301076
51041,-25.5649807790344
51043,-23.2831151049329
51047,-26.4178687105862
51053,-25.7775478397762
51057,-22.9360189560688
51059,-25.1437585859192
51061,-26.1070117261007
51063,-21.9043088048532
51065,-26.8716517126698
51067,-23.8720539306504
51069,-27.1514874985362
51071,-23.7576023174993
51073,-23.9953522742054
51075,-24.6460415501763
51079,-25.0395547449557
51083,-24.338686340895
51085,-26.1472202274407
51087,-25.2426251949503
51089,-25.1344801557316
51093,-27.5042727888248
51095,-22.9863222975604
51099,-25.9098883365881
51101,-23.0908945596961
51103,-20.4979672399547
51105,-23.7165838341413
51107,-25.5038629366393
51109,-24.9562862415703
51111,-23.2217776735409
51113,-24.0625008465185
51117,-26.0683038938674
51119,-21.5570910119372
51121,-23.6739554771486
51125,-22.1077793923639
51127,-25.2645480212503
51131,-22.5518513428775
51133,-27.7008220026982
51135,-23.5864925819264
51137,-25.2245271502873
51139,-24.6948577928926
51143,-24.1370435221651
51145,-24.3177235251693
51147,-20.8345791297531
51149,-25.8648779134495
51153,-27.5614515442635
51155,-24.6619127244769
51157,-67.5854936430835
51161,-25.0344712987253
51163,-22.0200043910274
51165,-26.694346069397
51167,-22.646923997597
51169,-23.8346519242217
51171,-25.2413452541176
51173,-24.9341038121926
51175,-25.8030366302722
51177,-25.9750699633086
51179,-26.6919259977607
51183,-24.11636191901
51185,-22.8324892541274
51187,-25.5517189994049
51191,-25.7829190125444
51193,-24.6089702631815
51195,-25.4908324326229
51197,-24.82553251174
51199,-24.6163552434169
51510,-26.1268152952703
51520,-20.2802478676387
51540,-21.2214934930184
51550,-26.4654166396054
51570,-26.7076663385247
51580,-21.9781645218012
51590,-24.4764057680355
51595,-27.348334311305
51610,-25.5598963603811
51620,-26.7105126638229
51630,-22.9153231978343
51640,-21.7323923586415
51650,-26.2441975382993
51660,-23.2653155654093
51670,-24.5176806913574
51680,-22.9416879664538
51683,-26.9248765893584
51685,-25.9377117765848
51700,-26.0931850760258
51710,-24.4686439345959
51730,-24.6840243223737
51735,-23.9045967298467
51740,-25.1465123497907
51750,-13.9200232385863
51760,-24.6419238188157
51770,-24.4440242085248
51775,-23.4192833433527
51790,-23.9097848036667
51800,-27.7227866530354
51810,-24.1525314091099
51820,-24.1292671759393
51830,-18.296858556184
51840,-23.6435338082145
53001,-29.2015527198797
53003,-23.8447890555639
53005,-24.7948082197873
53007,-20.992633982842
53009,-19.0869409496081
53011,-22.7648572147742
53015,-23.0213878669669
53017,-23.4682177030711
53021,-25.4375352965095
53025,-25.1359805712627
53027,-20.8729309383571
53029,-21.2252633021506
53031,-17.0817444703795
53033,-20.1218413557966
53035,-20.4381250686024
53037,-14.1329374332731
53039,-20.8150744041722
53041,-21.0704161192287
53045,-20.6583243753803
53047,-22.1207934271224
53049,-19.9586451000424
53051,-18.92313531476
53053,-22.1381690273238
53055,33.5397145463393
53057,-20.8013003214963
53061,-20.8823055038315
53063,-19.5830473012292
53065,-20.8016805005806
53067,-22.5016228014867
53071,-21.6232280406623
53073,-19.1155403859754
53075,-16.2242566779282
53077,-25.4167725460598
54001,-19.2215025490999
54003,-23.5489890156218
54005,-20.0719240623406
54007,-18.6242450619531
54009,-18.5577046742939
54011,-21.3457859115801
54019,-21.256781886894
54023,-16.7458513024326
54025,-16.0872479244441
54027,-20.2525094834227
54029,-19.9492378415901
54031,-17.1561338295628
54033,-21.5593831412988
54035,-22.6432058250324
54037,-20.9361749804246
54039,-22.1418448723654
54041,-17.7714094613947
54043,-18.4723347354271
54045,-22.3935234501022
54049,-20.8849849360666
54051,-20.4101959132918
54053,-20.6706644723921
54055,-18.3251816139034
54057,-22.0527490204836
54059,-21.965698242871
54061,-16.8324422056087
54065,-19.5761991201171
54067,-21.6887730198981
54069,-18.1895912762601
54077,-21.876857280299
54079,-22.0139196830721
54081,-18.9669352450968
54083,-17.9088706097121
54087,10.8652104955926
54089,-14.7969073358015
54091,-21.0443784422713
54095,-20.3536615024519
54097,-19.6480529749153
54099,-23.9687170298201
54103,-20.7504575803956
54107,-20.7561261528541
54109,-18.7659708046172
55001,-10.94125226123
55003,-14.3125840380044
55005,-15.9309623816371
55009,-19.6418208454187
55011,-15.3377461151993
55015,-17.4900458151409
55017,-17.7059910026515
55019,-17.4381711804417
55021,-15.8896858035896
55023,-15.1603958364609
55025,-14.8752794682934
55027,-17.7509154781789
55029,-13.4810837653718
55031,-15.2246408243962
55033,-12.9855600528221
55035,-14.6804491366831
55039,-16.1480235971597
55043,-14.8227140125689
55045,-17.5657271631537
55047,-14.5471136146539
55049,-17.1337674303542
55053,-15.8520583307186
55055,-18.4938808838444
55057,-14.7009460596778
55059,-19.1897681852153
55061,-18.1452012284034
55063,-14.6892026518857
55071,-17.6426950678188
55073,-17.4510135480425
55075,-14.7777478606055
55077,-14.508871839341
55078,21.9168688827519
55079,-17.7580745574836
55081,-17.9499430322311
55083,-16.5517475834675
55085,-14.4025655067279
55087,-16.7996065125868
55089,-17.0941473981316
55093,-13.7806344894401
55095,-16.6312258405335
55097,-12.9681349664204
55099,7.35456205695734
55101,-18.31800224888
55103,-15.955666857903
55105,-18.7194625884343
55107,-16.4562187760128
55109,-17.274430990274
55111,-14.0470958988267
55113,-10.9966678506993
55115,-15.636808468595
55117,-17.0378188059424
55121,-15.5209359577304
55125,-9.01410848367436
55127,-15.2847577025237
55129,-14.0699384856566
55131,-18.2877347655157
55133,-17.4204956508001
55135,-15.6343312049773
55137,-14.3653504687775
55139,-16.0960228383364
55141,-14.5512802895539
56001,-22.411933619891
56003,-20.7008305040384
56005,-23.3915891703085
56007,-21.4991976043789
56009,-23.414266945096
56013,-23.2474769644325
56015,-22.0127500697208
56019,3.88933762793572
56021,-23.5782243729955
56023,-23.0505124677724
56025,-24.1337655054375
56029,-19.8248668105349
56033,-21.6788029241785
56035,-17.780175609763
56037,-23.1577081201082
56039,-24.3757364364604
56041,-23.3166909082634
