"fips","week","pred"
1001,0,68.3751193178425
1003,0,68.7976649727762
1005,0,69.6638533096034
1007,0,67.9524114409935
1009,0,67.6730704934249
1011,0,70.3704815482674
1013,0,71.1360455468416
1015,0,67.6477204934892
1017,0,67.3661503392468
1019,0,68.7194241611342
1021,0,66.8080285754468
1023,0,67.8135247092276
1025,0,67.3363869726766
1027,0,67.9765538605238
1029,0,68.3858169953534
1031,0,68.0248677346762
1033,0,69.1127809315547
1035,0,69.7784651447914
1037,0,69.0545196607848
1039,0,68.7881772688601
1041,0,69.3711911022532
1043,0,68.4558297485221
1045,0,69.6098756254108
1047,0,67.9960918772462
1049,0,68.1848888046478
1051,0,68.8790483138574
1053,0,68.9929728642793
1055,0,68.0687408107853
1057,0,69.795180960862
1059,0,68.7649342214806
1061,0,71.4379403707955
1063,0,65.2259215404062
1065,0,68.9326263602869
1067,0,69.7296652361377
1069,0,68.3374064648899
1071,0,68.3464812383042
1073,0,68.3827852479092
1075,0,68.9084796476526
1077,0,70.1536801584748
1079,0,68.5920731572363
1081,0,69.2283399350423
1083,0,67.4475717066763
1085,0,67.9947113719766
1087,0,70.2772929253336
1089,0,67.013647001866
1091,0,67.1907877604714
1093,0,67.9566323420538
1095,0,67.2336885897648
1097,0,67.2658492399746
1099,0,67.5296006060174
1101,0,68.005183048074
1103,0,67.4263107900858
1105,0,71.8105262075427
1107,0,67.4264759964129
1109,0,70.2925960971767
1111,0,68.7178581280045
1113,0,67.9319000401547
1115,0,67.6080827682938
1117,0,68.2460792634828
1119,0,68.87913940647
1121,0,67.6681708399756
1123,0,67.0689250074417
1125,0,68.9903676893292
1127,0,67.0759053550033
1131,0,67.290714662255
1133,0,69.5194800362755
2020,1,70.0244314396717
2020,0,43.6746111440814
2090,0,41.9972673785396
2090,1,68.2018291639479
2110,1,69.4119678264443
2110,0,44.2050099233951
2122,0,45.5250539088204
2122,1,71.4482915818859
2170,1,69.7994465362254
2170,0,44.1012595279226
2185,1,66.4239064401063
2185,0,39.7137664910954
4001,0,52.738129933667
4003,0,55.3406647096054
4005,0,55.92675881067
4007,0,57.5979594673729
4009,0,56.4334293201344
4012,0,59.0803099790232
4013,0,53.6450413477103
4015,0,57.0663808464168
4017,0,53.1543064651744
4019,0,54.7067235944787
4021,0,54.6246808300931
4023,0,56.5855041635514
4025,0,54.9180182292923
4027,0,54.2131542071931
6001,2,59.9548179664229
6001,1,34.3003735281399
6001,0,3.19947211597105
6005,2,68.8693828472367
6005,1,43.7385018314379
6005,0,11.7852651062304
6007,2,64.8040738127298
6007,1,39.8123398921475
6007,0,11.6687246198465
6009,2,62.463375675338
6009,1,36.7405401367304
6009,0,7.85115036421227
6011,1,38.3567716197033
6011,0,7.86347438366833
6011,2,63.4876526355021
6013,0,4.53213036558419
6013,1,35.0453012390339
6013,2,60.5425404355322
6015,1,40.7011695681933
6015,2,65.3840640355276
6015,0,8.74793284298569
6017,0,10.3609089151449
6017,2,62.4843051673201
6017,1,37.2263928062469
6019,0,1.50263088102613
6019,2,56.6630574924295
6019,1,31.8040889855346
6021,0,4.5304993306215
6021,1,36.4837360558291
6021,2,60.1546775824553
6023,2,66.3537803622092
6023,1,41.743623181865
6023,0,12.631297525645
6025,2,55.096969884707
6025,0,0.82745728496895
6025,1,30.3597813590883
6027,1,38.0786105704353
6027,2,63.2094915862341
6027,0,9.93499529813432
6029,1,31.4870724401312
6029,2,55.6188665064872
6029,0,3.51748244615435
6031,1,33.4128457218322
6031,2,57.2059977146051
6031,0,2.91954848579725
6033,1,37.8044807890529
6033,2,63.9473147455598
6033,0,5.85124406384534
6035,0,6.93967046436837
6035,2,65.0357411460828
6035,1,38.892907189576
6037,0,6.21364839120234
6037,1,36.9209338517841
6037,2,61.9122560852406
6039,0,3.61353171194447
6039,2,59.1699580865253
6039,1,34.0958847351413
6041,1,39.7146969148359
6041,2,65.6848501799756
6041,0,8.20635296306919
6045,1,41.2860130193654
6045,2,66.4168940351642
6045,0,10.3447292348659
6047,1,31.283164290928
6047,0,3.63077812388058
6047,2,56.21909755359
6053,2,59.6204908506
6053,1,34.1670461060577
6053,0,4.24985897353559
6055,0,8.87488894552557
6055,1,37.466490766291
6055,2,63.2474062744889
6057,2,63.8303448825998
6057,0,10.3216968918956
6057,1,38.6471202721701
6059,2,61.108565048763
6059,1,35.5020745288422
6059,0,4.9864501909394
6061,2,60.2114034588872
6061,1,35.0305058597566
6061,0,5.29104471358521
6063,2,58.3521155129708
6063,1,34.6811739863446
6065,0,4.96663961842907
6065,2,59.0618000290487
6065,1,34.4585640230987
6067,0,3.70148263059467
6067,2,59.3725464470346
6067,1,34.2730740500406
6069,2,57.7413193756576
6069,1,32.380060897777
6069,0,1.57792420849404
6071,2,56.762559924832
6071,1,32.4880505513104
6071,0,2.50472694395049
6073,1,35.0030675865689
6073,0,3.6286819555677
6073,2,60.235267301374
6075,1,37.9664677218414
6075,0,6.97695485867412
6075,2,63.6341339551383
6077,2,57.8262606687147
6077,0,1.92602261430023
6077,1,32.2565766239401
6079,1,38.6698081778271
6079,2,64.1482790786136
6079,0,8.62171762272485
6081,0,4.20515538373683
6081,2,61.085650532332
6081,1,35.6496296282081
6083,2,61.514339955396
6083,1,36.6590942031469
6083,0,7.11902507378524
6085,1,33.0696314200863
6085,0,2.27400557534337
6085,2,58.5345582162767
6087,2,64.139383507512
6087,0,7.61669049735343
6087,1,38.3752436668654
6089,1,37.2535530636971
6089,2,61.7947868296845
6089,0,6.47823296787534
6093,2,64.4512817137342
6093,1,38.3084477572274
6093,0,9.41905798470921
6095,0,4.39450393621961
6095,2,60.775802060896
6095,1,35.2189302109662
6097,0,7.38437307314304
6097,2,62.2579559456318
6097,1,37.1270749298331
6099,1,32.3954968755749
6099,2,57.1879615613575
6099,0,2.6702100105405
6101,0,4.12518461905113
6101,2,57.1394948828916
6101,1,33.606528914378
6103,1,37.9336219504305
6103,0,5.98038522522291
6103,2,62.6165164177648
6107,2,57.5335469647373
6107,0,1.45833453806435
6107,1,32.2725869772894
6109,1,43.9575086517988
6109,0,12.0042719265912
6109,2,68.6404031191331
6111,2,59.4701732223182
6111,1,34.2334584800455
6111,0,3.53876931600816
6113,0,7.22808572675549
6113,2,63.2613181836504
6113,1,38.1753619274866
6115,0,5.39057339501109
6115,2,58.8188896605193
6115,1,34.2799631675292
8001,0,29.173381819035
8001,1,54.6037762801394
8003,1,62.9930922036108
8003,0,38.8741641285201
8005,1,56.0610423452676
8005,0,30.2211936939506
8007,1,63.8634725813071
8007,0,39.1805781139728
8013,1,58.3454784929369
8013,0,32.830214424592
8014,1,55.5940743274587
8014,0,30.2170251449625
8015,1,59.149072442966
8015,0,34.6599849162469
8019,1,62.6417349953655
8019,0,37.5108539795668
8029,0,35.337396759014
8029,1,59.4563248341047
8031,0,32.1281126150072
8031,1,57.7144239148308
8035,1,55.7598816559554
8035,0,30.2074072037749
8037,0,38.3914029436656
8037,1,64.2382610657892
8039,1,56.2480027381094
8039,0,31.1171217223106
8041,1,56.045816813229
8041,0,30.7402591834978
8043,0,34.4195834610046
8043,1,59.5504644768034
8045,0,31.3253248969798
8045,1,56.3844645596824
8049,1,64.1129402842818
8049,0,38.982059268483
8051,0,41.5923919852908
8051,1,67.3152275238984
8059,0,31.6733606374808
8059,1,56.7279933323648
8063,0,31.3910675910985
8063,1,55.5099956661891
8067,1,59.1478202550584
8067,0,33.9596793713337
8069,1,58.2166794573461
8069,0,32.2568585540073
8071,1,62.3017341111677
8071,0,37.6188396438334
8073,1,61.6550657674613
8073,0,35.5122318109544
8075,1,57.0813025605964
8075,0,32.1754722095603
8077,1,55.9434559785632
8077,0,31.333298798219
8081,1,55.6392086767658
8081,0,32.5602216729484
8083,1,60.5525951895476
8083,0,37.0476173515992
8085,0,32.7622861776625
8085,1,57.1903475771313
8087,0,32.4605334610798
8087,1,57.7863622300153
8089,0,31.2673096895969
8089,1,56.8181891232951
8093,1,58.7175072207602
8093,0,34.9243552279873
8099,0,32.7432466646103
8099,1,58.8860806211172
8101,1,56.81198869922
8101,0,32.8815476463061
8105,0,34.0431632210653
8105,1,58.8482681545462
8107,0,35.1495065527013
8107,1,60.0553369037375
8117,1,64.45217434271
8117,0,40.1382985144825
8119,1,58.6408125238334
8119,0,33.1578494979976
8123,1,54.2801873815622
8123,0,29.2929406885182
8125,1,60.2989244840899
8125,0,34.156090527583
10001,0,28.2693814492775
10001,1,56.3510254964348
10003,0,26.7776275237876
10003,1,55.3614732003728
10005,1,56.0599170508465
10005,0,28.217994982134
12001,0,56.4011529980128
12003,0,53.5449315771829
12005,0,55.4345724045721
12007,0,53.9678869717478
12009,0,53.948817849675
12011,0,55.0068523829198
12013,0,54.9942654260609
12015,0,55.8828797206519
12017,0,55.9563554551042
12019,0,54.3028629285957
12021,0,56.1999769249382
12023,0,54.5730313668988
12027,0,55.6698930447322
12029,0,56.6713210486549
12031,0,53.7968523844959
12033,0,54.0069099052051
12035,0,54.7339267125021
12037,0,59.4815992527148
12039,0,54.2656283998742
12041,0,57.8709699841651
12043,0,56.9419311592798
12045,0,57.7177744570622
12047,0,58.3842812415695
12049,0,57.4730989222662
12051,0,52.8479628307049
12053,0,54.3628939598637
12055,0,55.410662596448
12057,0,54.6160634256475
12059,0,56.1184963106624
12061,0,54.996104925185
12063,0,55.3934539451127
12065,0,57.2830788424847
12067,0,56.4403788930708
12069,0,55.3382171835131
12071,0,55.1704561935302
12073,0,55.7530630149752
12075,0,56.6221707140402
12079,0,54.0460858909246
12081,0,55.6556258675812
12083,0,54.2467503786839
12085,0,54.3040437353909
12086,0,53.9508381767797
12087,0,58.2494613054334
12089,0,55.3448026388991
12091,0,56.3579398105654
12093,0,55.623836398938
12095,0,55.2708738885551
12097,0,56.8516866041891
12099,0,55.0211893710358
12101,0,54.3807657100812
12103,0,54.7349233792529
12105,0,54.8448652985112
12107,0,54.4752928839514
12109,0,54.614452037206
12111,0,53.9154437229781
12113,0,54.8551473437718
12115,0,56.6581712355373
12117,0,54.0869456857609
12119,0,56.3852728732207
12121,0,53.5046331928898
12123,0,58.8933532872356
12125,0,56.7896774851508
12127,0,55.7021244631354
12129,0,54.0351726738328
12131,0,56.5831595829149
12133,0,57.362150435031
13001,0,52.871709721881
13003,0,55.0205476245871
13005,0,51.9750045855771
13009,0,55.4523250199352
13011,0,54.1741049825569
13013,0,52.7349820694479
13015,0,54.7590109750396
13017,0,53.5100611874195
13019,0,53.7101581883878
13021,0,53.9322496532316
13023,0,55.9387317528073
13025,0,57.0668773104236
13027,0,53.3307759225986
13029,0,53.4380636697399
13031,0,56.6100683630877
13033,0,53.3982563922652
13035,0,54.3704937668191
13039,0,54.7554146347791
13043,0,57.6286886197507
13045,0,53.7875137583579
13047,0,54.7251296357126
13049,0,56.424022584866
13051,0,54.5980873920592
13055,0,54.6466879872499
13057,0,54.4929311766181
13059,0,57.9082432849526
13063,0,53.1737845151964
13065,0,53.3984119593555
13067,0,54.9589108378895
13069,0,54.2130177554925
13071,0,52.2300674928735
13073,0,53.1498301212506
13075,0,54.9759528872497
13077,0,54.3383239172351
13079,0,55.7147113759885
13081,0,54.1157531584606
13083,0,57.0302174340758
13085,0,53.4072060452535
13087,0,52.3861488884382
13089,0,53.9036270585028
13091,0,53.8996050247391
13093,0,52.3633729840092
13095,0,52.2906229943601
13097,0,53.4830353585432
13099,0,51.0597224537945
13103,0,53.9563021125467
13105,0,55.8141772669999
13107,0,54.3301405664439
13109,0,55.7547638485821
13111,0,55.1929662420692
13113,0,55.2391773856987
13115,0,54.3038001201561
13117,0,52.7997238221768
13119,0,55.7056851447826
13121,0,55.4267235782579
13123,0,56.7129776695689
13127,0,55.4875571701389
13129,0,54.1581415837061
13131,0,53.2769540884583
13133,0,54.2351436428633
13135,0,53.5051905144431
13137,0,55.1297064772121
13139,0,52.3782864927648
13143,0,53.3172545692647
13145,0,54.7914923977908
13147,0,55.4279867399241
13149,0,55.6097319330328
13151,0,52.7610959838032
13153,0,53.1728432359536
13155,0,54.3556217828052
13157,0,52.4834209075856
13159,0,54.5483925693575
13161,0,55.9300189775778
13163,0,53.6495586074374
13167,0,55.1029118780268
13169,0,54.0240256582105
13171,0,55.5827561297074
13173,0,56.7932947607149
13175,0,54.6308031107467
13177,0,52.0033427094194
13179,0,54.0050049359517
13181,0,54.828092031203
13183,0,55.2306473319652
13185,0,55.3694454872287
13187,0,57.5008180740979
13189,0,54.4808868184373
13191,0,55.1411985703634
13193,0,53.9956034221254
13195,0,53.9380416007492
13199,0,52.9301166786349
13201,0,53.9876988499464
13205,0,51.0450369167716
13207,0,54.6948789879294
13209,0,56.8909999192268
13211,0,56.6117400642325
13213,0,52.777578157878
13215,0,53.9987374596763
13217,0,53.3656096099085
13219,0,54.0372828374886
13221,0,55.1430254273291
13223,0,52.8649647527437
13225,0,55.1065140181677
13227,0,55.3296633630643
13229,0,52.7260253828163
13231,0,53.2253570050374
13233,0,54.4185679459272
13235,0,55.3001725949212
13237,0,56.8311353361693
13241,0,56.2529735776128
13245,0,53.8658448932747
13247,0,52.5260707865197
13251,0,55.0556244336214
13253,0,53.6381783093019
13255,0,53.8582509913896
13257,0,54.6896473576524
13261,0,52.8669622066179
13263,0,54.3016534448509
13267,0,55.3433148425549
13269,0,53.8299147744201
13271,0,54.3613257390284
13273,0,53.2215110449786
13275,0,53.1620049977422
13277,0,53.9899501307014
13279,0,53.3344361386744
13281,0,59.3781050495575
13285,0,53.3897091237887
13287,0,51.6410981598053
13291,0,57.1650233791174
13293,0,53.1716422096533
13295,0,54.8752695691103
13297,0,52.7089801955813
13299,0,54.4086669681304
13303,0,54.0524653056606
13305,0,55.9131433240184
13311,0,55.9304800241418
13313,0,53.1104946144436
13315,0,55.5143847109193
13317,0,55.0409085166828
13319,0,54.2896040420671
13321,0,52.8154752055628
15001,1,61.2211148799751
15001,0,34.424102304164
15003,0,30.5978605805787
15003,1,58.5495404965595
15007,1,65.6722485415242
15007,0,38.2832814429044
15009,1,63.2750340370744
15009,0,35.5667939381104
16001,1,54.0967604779762
16001,0,27.0728482427131
16005,0,29.1655228780513
16005,1,56.820668417162
16009,1,60.5173305699936
16009,0,31.8502320901748
16011,1,54.9617379755175
16011,0,27.3065924364068
16013,1,59.2627391864209
16013,0,32.7184905050605
16017,1,60.2182479344749
16017,0,33.0110889438286
16019,0,30.4463447695657
16019,1,56.0495962966952
16027,1,52.9285646434315
16027,0,26.1278606889429
16029,1,57.8575578954878
16029,0,29.1904594156689
16031,0,28.2271234090959
16031,1,55.7163052595289
16039,0,31.2881159758055
16039,1,55.2874600394181
16041,0,27.4503949908676
16041,1,56.1174934706865
16043,1,57.9433489369448
16043,0,29.276250457126
16045,0,30.9322497451852
16045,1,55.5235483316066
16047,0,27.903098408829
16047,1,55.1102573994753
16051,1,55.1781245084816
16051,0,27.1029805514714
16053,1,51.7887243207972
16053,0,27.6174241522752
16055,0,29.1354447135671
16055,1,55.8924564449982
16057,0,34.4241900744643
16057,1,61.6313490651106
16065,1,61.6827116801063
16065,0,34.0275661409956
16067,0,28.0935888455917
16067,1,55.300747836238
16069,0,29.2468685718718
16069,1,56.9144672581742
16073,0,27.8925188549939
16073,1,54.0877249049321
16075,0,28.4738195730934
16075,1,54.7912360891782
16079,0,32.1196875898177
16079,1,60.7867860696365
16081,1,59.6317067311402
16081,0,31.5565627741301
16083,0,29.5707329681423
16083,1,53.1780667444206
16085,0,35.2331770676289
16085,1,62.8883226067396
16087,0,22.4799152252559
16087,1,49.6870742159021
17001,0,18.050882293356
17001,1,47.0152695961407
17001,2,73.1334550223429
17005,1,47.6920349307455
17005,0,19.1756341764252
17005,2,72.7982674162396
17007,2,70.8262176184909
17007,0,17.2035843786766
17007,1,47.1799246221694
17009,1,65.604636519566
17011,1,47.974407155843
17011,2,73.0806396413371
17011,0,19.4580064015227
17015,1,46.8275195370298
17015,0,18.3111187827095
17015,2,71.9397444387555
17017,2,74.7203445804581
17017,1,48.0102046314472
17017,0,18.0338643879543
17019,2,75.3080038742313
17019,0,23.460034704412
17019,1,50.0035093561086
17021,2,72.197346562428
17021,0,19.0616953030614
17021,1,45.1851715368586
17023,0,18.3237785568565
17023,1,48.3001188003494
17023,2,72.5383663194796
17025,2,73.7300301185545
17025,0,17.0435499260507
17025,1,47.0198901695436
17027,2,72.5187503861247
17027,1,46.554384937331
17027,0,17.5899976345462
17029,2,79.297756403022
17029,1,52.5876164540111
17029,0,22.6112762105182
17031,0,16.0358937335615
17031,2,70.8248561601384
17031,1,44.697875791934
17033,2,72.9059260961373
17033,1,49.2596330998158
17033,0,19.2832928563229
17035,0,16.9768173225137
17035,1,46.9531575660066
17035,2,73.6632975150175
17037,2,74.2481316127765
17037,0,22.0743863606394
17037,1,49.014867782008
17039,1,49.6358979405428
17039,0,19.6595576970499
17039,2,73.874145459673
17041,1,46.9430077468362
17041,2,70.4453327688134
17041,0,18.4266069925159
17043,1,43.6125032288746
17043,0,14.1969301783142
17043,2,69.5358841547841
17045,0,18.1649898482258
17045,1,48.1413300917187
17045,2,74.8514700407296
17047,2,74.1915393856468
17047,1,47.4813994366359
17047,0,17.505059193143
17049,2,73.1155874825372
17049,1,47.8653870226988
17049,0,17.889046779206
17051,1,48.7220835895061
17051,2,74.4202705978089
17051,0,20.2056828351858
17053,2,74.7019121546414
17053,0,19.4753714513102
17053,1,49.4517116948031
17055,0,19.3165324468089
17055,2,74.5430731501401
17055,1,47.8329332011292
17057,2,74.3558139956951
17057,0,17.6693338031913
17057,1,47.6456740466842
17061,0,19.164589789036
17061,1,49.1409300325288
17061,2,75.8510699815398
17063,0,17.1713395162517
17063,1,44.0838328070551
17063,2,69.1900652925492
17065,1,46.048418340445
17065,0,16.0720780969521
17065,2,72.7585582894559
17067,2,73.6322907415892
17067,1,46.9221507925783
17067,0,16.9458105490854
17073,2,71.1092630947334
17073,1,46.4230290271388
17073,0,18.9185812135266
17075,2,73.0852916473529
17075,1,47.7128807213679
17075,0,20.2084329077557
17077,2,75.9799271545606
17077,1,50.8677022528349
17077,0,22.4952694728589
17079,0,18.2378840165777
17079,1,48.2142242600706
17079,2,71.8605172563921
17081,1,49.8793312414595
17081,2,76.5894711904704
17081,0,19.9029909979666
17083,0,18.8423083971285
17083,1,48.8186486406213
17083,2,73.0568961597516
17085,0,22.1823692245511
17085,2,76.5191674533208
17085,1,52.158709468044
17087,2,76.5376758693
17087,0,19.8511956767963
17087,1,49.8275359202891
17089,1,43.2688463446142
17089,2,69.1525509341967
17089,0,15.0161743336486
17091,1,43.7420344120237
17091,2,70.5518180532574
17091,0,18.0643969076749
17093,0,14.1361094775564
17093,1,42.6087570093456
17093,2,67.8859385932546
17095,1,48.0648865575478
17095,0,19.5484858032275
17095,2,74.7750265065587
17097,1,42.9883165661627
17097,0,14.2636247082796
17097,2,69.0619896285417
17099,2,72.2669532882014
17099,1,46.5687662798986
17099,0,18.190341083691
17101,2,78.3181922279442
17101,0,21.6317120354404
17101,1,51.6080522789333
17103,0,19.6850755637176
17103,1,49.6614158072105
17103,2,73.8996633263407
17105,2,71.160379614581
17105,0,17.3148104910647
17105,1,46.2791977938495
17107,2,76.0265975557484
17107,0,20.8000568524173
17107,1,50.7763970959101
17109,1,53.0234447223181
17109,2,79.733584671329
17109,0,23.0471044788252
17111,0,15.4541373585056
17111,2,69.5228066871781
17111,1,44.0109793905827
17113,0,21.7947024435188
17113,2,75.8027326212545
17113,1,50.534039081541
17115,0,19.5703903292102
17115,1,47.0748381428224
17115,2,72.1810706283164
17117,2,71.6249626361301
17117,0,18.7481038965329
17117,1,48.7244441400258
17119,1,45.7964130015285
17119,2,70.4826470691233
17119,0,18.4359331622606
17121,2,71.5928583786981
17121,1,47.9465653823766
17121,0,17.9702251388838
17123,1,47.0608152381476
17123,2,73.7709551871585
17123,0,18.5444144838274
17125,1,48.4102665438843
17125,2,73.6604670037226
17125,0,18.4339263003914
17127,1,51.0068116195941
17127,0,21.0304713761012
17127,2,75.2450591387243
17129,0,16.440810510935
17129,1,44.9572112652553
17129,2,71.6673512142662
17131,1,49.149978851359
17131,2,73.3882263704893
17131,0,19.1736386078662
17133,2,69.7468088435099
17133,0,17.8819030446208
17133,1,44.7943963354242
17135,2,73.8219254279347
17135,0,19.6073376653116
17135,1,48.1237384196319
17137,0,21.4066678098593
17137,2,74.4433389430965
17137,1,48.3191611006628
17139,0,16.8684274036013
17139,1,46.8447676470941
17139,2,72.0949681069325
17141,2,70.3356152109761
17141,1,47.4350967148718
17141,0,17.458756471379
17143,0,16.1250327474154
17143,2,71.2135978926339
17143,1,44.6694216323008
17145,0,18.6805141061707
17145,1,48.6568543496636
17145,2,75.3669942986745
17147,2,73.2067331359533
17147,1,47.956532676115
17147,0,17.9801924326222
17149,2,73.6550314209934
17149,1,48.4048309611551
17149,0,18.4284907176622
17157,2,69.8944090894205
17157,1,49.2839749152234
17157,0,19.3076346717305
17159,2,73.7045660417773
17159,1,46.9944260927665
17159,0,17.0180858492736
17161,2,69.9854002015703
17161,0,18.6844607949249
17161,1,46.3111190746837
17163,2,70.0418090147222
17163,0,17.3605092756239
17163,1,44.6486086372457
17165,0,18.5415442624641
17165,1,48.517884505957
17165,2,73.7680849657953
17167,2,71.5304461578535
17167,0,17.5845504418517
17167,1,46.3769816397271
17169,0,9.92515837960135
17169,2,66.6116385721051
17169,1,39.9014986230942
17173,0,18.2963207021421
17173,1,48.272660945635
17173,2,74.9828008946459
17177,2,73.0508061412145
17177,1,46.3406661922035
17177,0,17.9682334122275
17179,2,70.2107543551937
17179,1,45.2213793794526
17179,0,18.7288845065485
17181,0,17.9761610472344
17181,2,74.6626412397382
17181,1,47.9525012907273
17183,0,19.4890759088136
17183,2,72.3659346484108
17183,1,49.4654161523065
17185,0,18.0838831350682
17185,1,48.0602233785611
17185,2,74.770363327572
17187,0,19.1063752796032
17187,1,49.0827155230961
17187,2,75.792855472107
17189,2,73.9742714615214
17189,0,17.2877912690176
17189,1,47.2641315125105
17191,2,73.7854194776248
17191,0,17.098939285121
17191,1,47.0752795286139
17193,2,75.4405988261671
17193,0,18.7541186336633
17193,1,48.7304588771562
17195,0,18.5942175539774
17195,2,71.4869207128704
17195,1,46.9666503339534
17197,1,42.4149684624051
17197,0,15.0788861029288
17197,2,67.8679222384687
17199,0,18.5553216992687
17199,1,48.5316619427616
17199,2,73.6378944282556
17201,0,16.5783644064463
17201,2,70.2579698412848
17201,1,44.9507971864223
17203,1,47.0708759174562
17203,0,17.6864901967721
17203,2,72.769062925759
18001,0,27.2120300248954
18001,1,56.1411353886737
18003,1,54.148530158851
18003,0,27.4318176986656
18005,1,54.7967621062704
18005,0,27.262645633444
18007,1,57.8481968277557
18007,0,28.9190914639774
18009,0,28.1149778034781
18009,1,57.0440831672564
18011,1,53.5110545326392
18011,0,27.4740914413681
18015,0,28.1520249033998
18015,1,54.6092378372974
18017,1,54.3175913934373
18017,0,26.8484255188316
18019,0,28.1327601851305
18019,1,54.7930611074126
18021,0,28.2749162070464
18021,1,55.7440820816522
18023,1,55.8992193973952
18023,0,28.4300535227895
18025,0,31.3796416004014
18025,1,58.8488074750071
18027,1,56.0395486114553
18027,0,27.110443247677
18029,0,28.3588224978594
18029,1,54.5895515942384
18031,0,26.9703728057994
18031,1,53.514660846347
18033,0,27.4981042964967
18033,1,55.4152567195669
18035,0,30.4491328601843
18035,1,57.7064143525835
18037,0,27.8196257924628
18037,1,55.1448236927242
18039,0,25.7368841350575
18039,1,53.1593048184159
18041,0,27.4047140742241
18041,1,55.2973571768304
18043,1,54.7311381915486
18043,0,27.6309909560498
18045,0,29.0292859650959
18045,1,56.4984518397016
18047,0,25.9210649828231
18047,1,53.454099730317
18049,0,28.5372482815814
18049,1,56.0064141561871
18051,1,54.8220111031694
18051,0,26.9048586800992
18053,1,56.0989627575073
18053,0,28.7737648572459
18055,0,29.3391396007676
18055,1,55.2043980118564
18057,0,25.7385859231393
18057,1,53.0765037967318
18059,0,26.1263058653938
18059,1,53.2818549337433
18061,0,27.9001181940042
18061,1,53.8875870712397
18063,1,52.848738422362
18063,0,26.1256347208753
18065,1,56.2481226239692
18065,0,30.8028626307797
18067,0,29.1052019760986
18067,1,56.2765798989516
18069,0,29.4837856322806
18069,1,55.9409985661782
18071,1,53.2207547072199
18071,0,27.6532842478837
18073,1,54.8641306303568
18073,0,28.7168493594812
18075,0,28.8352858092778
18075,1,56.3044516838835
18077,1,57.0862790460501
18077,0,29.6171131714444
18079,1,53.818120583959
18079,0,27.4214277989022
18081,0,27.2875340443407
18081,1,53.8914948201143
18083,0,31.376032715352
18083,1,57.2412911264409
18085,0,29.0338748712068
18085,1,54.1533587820785
18087,0,26.1896855051301
18087,1,52.6468984390278
18089,0,26.6885022324655
18089,1,53.5241715081935
18091,0,29.4592615284084
18091,1,55.8995378332362
18093,1,54.1978983677103
18093,0,28.3435841694596
18095,0,28.2798830476821
18095,1,54.3645747080146
18097,0,25.9550622726928
18097,1,53.0850443389276
18099,0,28.1808347712176
18099,1,54.0460931823065
18101,0,28.2882840308217
18101,1,57.2173893946
18103,0,28.3942436151892
18103,1,55.7194415154506
18105,0,33.7571740893641
18105,1,59.6054958713832
18107,0,27.9707040658793
18107,1,54.2839490254326
18109,0,26.767565473973
18109,1,53.0507531295465
18111,1,56.1810509670705
18111,0,28.7118850924648
18113,1,55.1345708242337
18113,0,27.8093729239723
18115,1,60.7282078672212
18115,0,31.7991025034429
18117,0,34.7649588275241
18117,1,60.630217238613
18119,1,54.418331640222
18119,0,27.0931337399605
18121,1,59.0516231493
18121,0,30.1225177855217
18123,1,59.1925841225117
18123,0,30.2634787587334
18125,0,27.3936499179828
18125,1,56.322755281761
18127,1,53.9264458611169
18127,0,28.2051554243723
18129,0,28.7039070287248
18129,1,54.1491670219143
18131,1,55.7432057302244
18131,0,26.8141003664461
18133,0,29.1452868921208
18133,1,56.0115540310796
18135,1,54.4455165794559
18135,0,28.5802581683671
18137,1,54.6048039889383
18137,0,27.5134861852169
18139,1,54.3134557926956
18139,0,27.7340323926513
18141,0,26.3166031603822
18141,1,54.0677918947747
18143,0,26.8421153908514
18143,1,55.7712207546297
18145,0,27.8519975327736
18145,1,53.4943530981159
18147,1,58.2793081693965
18147,0,29.3502028056182
18149,1,55.9699823741304
18149,0,27.0408770103521
18151,0,30.9253227090683
18151,1,57.3825356429659
18153,1,56.0165275458705
18153,0,28.691329645609
18155,1,58.5405591284307
18155,0,32.6753007173418
18157,1,58.7854512849563
18157,0,31.6262170733726
18159,1,55.7664180834302
18159,0,28.1750417426778
18163,0,30.1284529453246
18163,1,54.8377904413611
18165,1,57.9264032765265
18165,0,28.9972979127482
18167,1,58.1871955785927
18167,0,30.140732498578
18169,0,29.7039408172325
18169,1,57.1731066918382
18173,1,53.521602002018
18173,0,27.628355460364
18175,0,26.8185096977324
18175,1,53.5517530751852
18177,0,28.7982422860833
18177,1,56.1234401863447
18179,1,55.971925507837
18179,0,28.0547730847668
18181,1,54.5763555308251
18181,0,28.1191425969275
18183,0,28.2946638455307
18183,1,54.1599222566196
20001,0,56.6038419371371
20003,0,56.6950599647764
20005,0,56.3835297403151
20009,0,55.6279997941394
20011,0,54.4809264392523
20013,0,57.1249839209065
20015,0,54.6212193499135
20021,0,54.4235085275889
20027,0,55.5814724884623
20029,0,56.9738908697619
20031,0,52.2512067214207
20035,0,57.1428328109012
20037,0,55.2679863747586
20041,0,56.9922975197275
20043,0,55.9838503983459
20045,0,55.4726131333043
20051,0,58.7396312366139
20055,0,54.9628312966509
20057,0,55.4987270168451
20059,0,53.4843731200914
20061,0,55.7181018841046
20069,0,55.7878936267364
20079,0,54.8404852398715
20085,0,56.9332333483964
20087,0,54.7904220738665
20091,0,53.2428274257444
20095,0,57.3761124746963
20099,0,54.7364574498182
20103,0,52.9121404169446
20107,0,53.5358413495915
20111,0,54.2690452498484
20113,0,54.4485530398208
20115,0,56.8548552057339
20117,0,56.5351902451846
20121,0,55.2224487564017
20125,0,53.535012745968
20127,0,16.4150517210121
20131,0,56.6697831219355
20133,0,54.3851621907748
20139,0,53.6371209807175
20145,0,57.8835281574831
20149,0,54.2880213788453
20151,0,57.4319050404343
20155,0,53.6763275972948
20159,0,56.7206375931683
20161,0,58.281579743255
20167,0,55.3457901278227
20169,0,55.5868193516298
20171,0,48.6708373703773
20173,0,51.8340853943635
20175,0,55.7862496202555
20177,0,52.4277863792688
20181,0,56.0985663536398
20191,0,55.6259896167989
20193,0,57.5391456462853
20205,0,56.2461979430255
20209,0,52.2196881134775
22001,1,51.9944267885375
22001,0,26.2341810361309
22003,0,30.0504115822326
22003,1,57.2056462255911
22005,0,23.4354323602498
22005,1,51.6827636824337
22007,1,52.6739226585499
22007,0,26.3646772672218
22009,0,28.0094872324398
22009,1,54.9855722525828
22011,1,54.9070954518821
22011,0,26.5739441791378
22013,1,52.9233099150323
22013,0,25.442299189356
22015,1,53.1936740988827
22015,0,25.5177156200697
22017,1,54.2380473756371
22017,0,25.9402125123628
22019,1,54.8728806533629
22019,0,28.9466712122786
22021,0,25.7081425724496
22021,1,55.3790228682198
22023,0,27.9879167200852
22023,1,57.6587970158555
22025,1,54.3984577773817
22025,0,26.3314849451282
22027,0,25.1564408202756
22027,1,52.8034152346296
22029,1,53.4338187714535
22029,0,26.8267854283727
22031,1,51.5466393711689
22031,0,23.7994502050016
22033,0,26.9715909712722
22033,1,55.2846794624471
22037,1,53.0145806245065
22037,0,28.0114547449425
22039,0,27.3189264115822
22039,1,54.6401247436184
22041,1,55.1275631488137
22041,0,29.2663043059501
22043,1,55.7786072044374
22043,0,27.1196798493752
22045,0,26.7077800960353
22045,1,53.1708454647719
22047,0,24.1361968662531
22047,1,52.9373469042337
22049,0,27.2313295033105
22049,1,55.4422703099082
22051,1,55.5556637570313
22051,0,26.9755873967405
22053,1,54.9280352834389
22053,0,29.0667764405753
22055,0,28.1289458363614
22055,1,54.8887194375498
22057,1,52.886448291068
22057,0,24.7301656462501
22059,1,56.2431740449301
22059,0,26.5722937491598
22061,1,61.8881431435386
22061,0,34.8331232519933
22063,0,24.7686682812066
22063,1,52.4777771572946
22065,0,31.6763180667984
22065,1,59.887258873396
22067,1,55.8675005007463
22067,0,28.6685126348568
22069,1,55.5073462806424
22069,0,25.8364659848722
22071,0,29.8564781456305
22071,1,58.6461674367471
22073,0,27.0390393832183
22073,1,53.6482205453152
22075,1,52.8377986478029
22075,0,24.681516002985
22077,0,27.7449228920019
22077,1,53.114952629612
22079,1,53.4968843047611
22079,0,25.9243714339439
22081,1,55.0599706783159
22081,0,26.8490298717183
22083,0,26.7840149491851
22083,1,55.4429423042472
22085,0,26.0627734177983
22085,1,53.2617612836878
22087,0,26.9561187277096
22087,1,55.4237122601832
22089,0,24.9195641500125
22089,1,53.5100431358293
22091,0,25.2894208268691
22091,1,53.5003616334668
22093,0,24.6815572780575
22093,1,51.8091081234598
22095,1,54.9428989413028
22095,0,26.1231914992265
22097,1,52.1695549734235
22097,0,25.4821899051467
22099,0,28.3217675899672
22099,1,53.8268727815642
22101,1,54.1249383528627
22101,0,27.9548400567511
22103,1,54.2742133936435
22103,0,26.1185775153354
22105,0,27.5435247967905
22105,1,54.5389470465089
22109,0,25.8251649818862
22109,1,54.3893593356247
22111,0,28.066401548579
22111,1,53.0695274281429
22113,1,53.299161001245
22113,0,27.6980881826406
22115,0,25.811203708423
22115,1,54.8901294813845
22117,1,53.6545772390295
22117,0,27.2446064301461
22119,1,55.8947371389218
22119,0,28.7562694218731
22121,1,54.6749965760616
22121,0,26.3991051712432
22123,1,56.8633253997893
22123,0,27.1924451040191
22125,1,57.0824243451854
22125,0,30.8953894200039
22127,1,54.4515584124523
22127,0,26.2406176058546
23001,0,54.5251559447635
23003,0,56.1076742470994
23005,0,54.892729617166
23007,0,56.2765291705276
23009,0,57.2174911041384
23011,0,54.5249099993166
23013,0,55.7233419182971
23015,0,56.7387406385158
23017,0,55.7646462750724
23019,0,54.1951621745615
23021,0,56.9027342369713
23023,0,54.8528365579701
23025,0,54.6661262815274
23027,0,55.6936455101257
23029,0,57.440105502537
23031,0,53.991057757977
24001,0,58.3032224321795
24003,0,52.2587840526591
24005,0,51.9624743233682
24009,0,52.6730946618954
24011,0,54.5270329361677
24013,0,52.0346760519097
24015,0,53.3032188706576
24017,0,52.1735648504789
24019,0,57.8227818485445
24021,0,52.6103101613213
24023,0,56.9181370819168
24025,0,53.2866509911834
24027,0,52.3015101346099
24029,0,57.1204530678678
24031,0,52.9094307073599
24033,0,52.9860870561404
24035,0,54.9052908545732
24037,0,52.5854613809826
24039,0,57.871570854867
24041,0,57.1672417257131
24043,0,53.9212947605732
24045,0,55.9722501275451
24047,0,58.6730465507314
24510,0,52.633812183373
25001,1,59.1327150766988
25001,0,32.0852929114182
25003,1,59.6136155558219
25003,0,31.5987912974443
25005,1,54.6318098816291
25005,0,27.2876056171412
25007,0,28.1677724512067
25007,1,57.0968778149849
25009,1,56.3775327872538
25009,0,28.1651956373729
25011,1,56.8880233738105
25011,0,29.0947970278234
25013,0,28.6128501152149
25013,1,55.3083086188543
25015,0,32.1942566855088
25015,1,58.2085141948783
25017,0,28.0576667502258
25017,1,56.1399687888929
25021,0,28.2144683515993
25021,1,56.3736455560531
25023,1,55.0155653404715
25023,0,27.478076159349
25025,1,58.642179360599
25025,0,31.1584815474301
25027,0,27.4280420896826
25027,1,54.8466976523162
26001,0,32.0351591447188
26001,1,60.9642645084971
26005,1,55.1576980336471
26005,0,28.5782746336029
26007,0,30.3181690720875
26007,1,59.2472744358658
26009,1,59.8855345908396
26009,0,34.4402745976501
26011,0,32.2411565975636
26011,1,59.7103224721693
26015,1,56.3441453610218
26015,0,28.4269929379516
26017,0,29.5760817967957
26017,1,56.7474597196487
26019,0,31.8105711584588
26019,1,60.7396765222371
26021,1,55.6172260498803
26021,0,28.2111506273811
26023,1,57.0152133790883
26023,0,30.5580004451907
26025,1,55.3629112896509
26025,0,28.3955773455549
26027,1,54.9379046215747
26027,0,29.6586083170629
26029,1,60.8955014618354
26029,0,31.9663960980571
26031,1,59.7682379462084
26031,0,33.3110250123108
26033,0,34.3411620773118
26033,1,63.2702674410901
26035,0,31.8206011673611
26035,1,60.7497065311394
26037,1,54.2929756987774
26037,0,27.8526993939495
26039,1,59.9577920855048
26039,0,32.4886262108991
26041,1,57.5237549385618
26041,0,31.6584965274729
26043,0,29.442560480773
26043,1,58.3716658445513
26045,1,54.4675729851814
26045,0,28.7462825484368
26047,1,60.844261804441
26047,0,33.0930730700486
26049,0,26.4159159964482
26049,1,54.1912726326411
26051,0,29.6676487407056
26051,1,58.5967541044839
26053,1,59.863586485126
26053,0,32.9803827170974
26055,1,57.8788476002337
26055,0,30.3816935950629
26057,0,31.4019472586615
26057,1,57.2672056697504
26059,0,28.8590871789776
26059,1,54.9274335784509
26061,0,34.1737141830665
26061,1,61.6428800576723
26063,0,30.9066641632126
26063,1,56.7719225743014
26065,1,57.5594306807852
26065,0,30.9861306144513
26067,0,30.2146674897339
26067,1,55.3341514006056
26069,1,60.3318661521381
26069,0,31.4027607883598
26071,1,60.0892793997604
26071,0,31.1601740359822
26073,0,37.6160451669813
26073,1,65.1421832366111
26075,0,27.4920072943566
26075,1,54.8934212917094
26077,1,57.7699656494906
26077,0,31.0307298558062
26079,1,57.112452929559
26079,0,29.5863148599291
26081,0,27.0774833710335
26081,1,54.5563527776581
26085,1,56.7405695412404
26085,0,27.8114641774621
26087,1,55.0157730401927
26087,0,29.1225264985388
26089,1,62.7207856416247
26089,0,33.7916802778464
26091,0,30.1283201174967
26091,1,54.5446905409083
26093,1,53.5843641885793
26093,0,27.0499694061734
26097,1,70.7459062460286
26099,1,53.8573194937464
26099,0,26.0586133873323
26101,1,62.5926241570192
26101,0,33.6635187932409
26103,0,33.194487407723
26103,1,59.7739108077673
26105,0,32.8523552623691
26105,1,61.7814606261474
26107,0,34.2055642497402
26107,1,60.4968134949601
26109,1,60.3875688020647
26109,0,31.4584634382864
26111,0,28.4156958148722
26111,1,56.3328482379424
26113,0,29.959880834692
26113,1,57.8550375434288
26115,0,26.1660375528235
26115,1,53.3869096897121
26117,1,54.7463759622275
26117,0,28.1669525621833
26119,1,62.8565182291903
26119,0,33.927412865412
26121,1,55.5228756893125
26121,0,28.4883655500059
26123,0,29.3383112159219
26123,1,58.2674165797002
26125,1,53.8120686447881
26125,0,25.7426022137122
26127,1,56.7110608342454
26127,0,30.2538479003478
26129,0,31.2745784055427
26129,1,58.7437442801484
26133,1,56.6709379629542
26133,0,30.2137250290566
26137,1,59.1262384009925
26137,0,31.8799753721333
26139,1,55.3042549109905
26139,0,27.340751309521
26143,1,60.5679728740315
26143,0,31.6388675102532
26145,1,54.5229374304171
26145,0,28.6092718217991
26147,0,27.6808613210086
26147,1,54.5500110831591
26149,1,55.3758180201793
26149,0,30.2563341093076
26151,1,55.7380728049815
26151,0,29.2238876760597
26155,0,30.7668672011658
26155,1,54.735251076113
26157,1,56.057484073344
26157,0,28.8959425887629
26159,1,55.6652339820948
26159,0,29.0858105820505
26161,1,56.7014762566832
26161,0,29.8616938564185
26163,1,53.5490424005239
26163,0,25.8119436833457
26165,1,59.0440896248663
26165,0,31.1269372017961
27001,0,35.6680610997607
27001,1,62.6206232447138
27003,1,55.6450492523595
27003,0,30.2963945709233
27005,0,33.2124592175142
27005,1,60.1650213624672
27007,1,58.4324592272876
27007,0,32.8176261053605
27009,0,30.845268904827
27009,1,57.79783104978
27013,1,60.7994970791411
27013,0,34.8588878748961
27015,1,58.3430455892279
27015,0,34.4543303969643
27017,0,33.8283213194023
27017,1,56.2850851530585
27019,1,56.8020324072884
27019,0,30.0032902397438
27021,0,35.3842754800894
27021,1,62.3368376250425
27023,0,33.0696327080648
27023,1,60.0221948530178
27025,1,56.4469881527925
27025,0,30.0803881144166
27027,1,57.2193907314894
27027,0,31.9875935598061
27033,0,32.6116014311079
27033,1,55.7545421231544
27035,1,58.5463199020372
27035,0,35.4033792099907
27037,0,29.732452576148
27037,1,56.3389251272956
27039,1,55.3496791484414
27039,0,29.1428915037056
27041,1,58.7559235592006
27041,0,33.2633009034201
27043,1,58.6732401416604
27043,0,33.3245854602242
27045,1,55.8531547046715
27045,0,29.7587255230181
27047,0,33.645821321938
27047,1,55.7768090732763
27049,0,31.3260855175164
27049,1,56.2547417810533
27051,1,53.5276551992358
27051,0,26.5750930542828
27053,0,30.5157863810165
27053,1,57.3710013946508
27055,0,31.707562079529
27055,1,58.6601242244821
27057,1,61.8234255972879
27057,0,34.8708634523348
27059,0,32.0257345220842
27059,1,55.9144497143478
27061,1,58.7806876300234
27061,0,34.3000179149511
27063,1,45.3741749161227
27063,0,18.4216127711697
27065,1,61.0099268797748
27065,0,34.0573647348218
27067,1,57.5636103013371
27067,0,31.6230010970922
27071,0,51.9330013017558
27075,0,35.1575166002135
27075,1,62.1100787451665
27077,0,41.1078028906418
27077,1,68.0603650355948
27079,1,54.3676081670947
27079,0,28.2878518676333
27083,0,34.234729329226
27083,1,58.1234445214896
27085,0,32.2222216147311
27085,1,57.7148442705116
27091,0,31.2655195235409
27091,1,58.0475683953421
27093,1,57.414254504409
27093,0,31.9216318486285
27095,0,33.9132825840713
27095,1,60.8658447290244
27097,1,60.0704402052754
27097,0,33.1178780603223
27099,0,28.6434082013067
27099,1,54.9604323036799
27103,1,57.7088682947353
27103,0,31.1763045676817
27105,0,32.5291244475567
27105,1,59.4816865925098
27109,0,28.1716876906492
27109,1,54.5805958464026
27111,1,58.9401161256148
27111,0,33.4474934698344
27113,0,31.5118479810994
27113,1,58.4644101260524
27115,0,36.1725135918883
27115,1,63.1250757368413
27117,0,46.2998731310644
27119,0,32.464956723375
27119,1,57.9575793791555
27121,0,32.5497690740794
27121,1,59.5023312190324
27123,1,57.7417835297908
27123,0,31.7115793773222
27127,0,35.7629083839132
27127,1,62.7154705288662
27129,1,57.9913057253551
27129,0,32.0506965211102
27131,1,58.3165520824452
27131,0,31.7839883553915
27133,1,58.0141943431894
27133,0,31.0616321982364
27135,1,59.4989345687814
27135,0,32.5463724238284
27137,1,58.6500608589286
27137,0,33.0924876049275
27139,1,56.3607712906199
27139,0,29.5741728343446
27141,1,55.5551480675747
27141,0,29.4607188859214
27143,0,31.2929944066736
27143,1,58.2455565516266
27145,0,33.3358967776748
27145,1,60.0222804821369
27147,0,30.5230000409526
27147,1,56.7893853275153
27149,1,54.8707512017878
27149,0,27.9181890568347
27151,0,44.5802472284088
27153,0,32.3405472938948
27153,1,59.2931094388479
27157,1,57.3020877376326
27157,0,30.9414801154883
27159,0,33.3583430264968
27159,1,60.3109051714498
27161,1,57.3826738820828
27161,0,30.4301117371298
27163,0,29.271093183209
27163,1,55.0993439243715
27165,0,-7.89540584560637
27165,1,15.9933093466572
27169,1,59.0186632265962
27169,0,33.3608752207819
27171,1,55.3648427792909
27171,0,29.0984574927282
28001,0,53.9616255003798
28003,0,53.5265761147192
28007,0,52.5831526233143
28009,0,52.7856342990759
28011,0,52.7040401995012
28013,0,53.8240164563051
28015,0,54.2518434951185
28017,0,52.6384153195329
28019,0,52.5746488241539
28021,0,55.3332783524975
28023,0,52.1056725883357
28025,0,53.3516772849793
28027,0,54.3016764407069
28029,0,53.4323310921325
28031,0,53.6536672402343
28033,0,52.0664678636117
28035,0,54.6661813847422
28037,0,53.5394970686336
28039,0,53.7823264271705
28043,0,54.2846406657801
28045,0,54.9661056846426
28047,0,55.0541556609028
28049,0,52.5085569505581
28051,0,51.671290930669
28057,0,54.7213287845188
28059,0,53.3226442737084
28061,0,54.6076308659021
28065,0,55.0265553981425
28067,0,52.9852035081047
28071,0,56.3415170434806
28073,0,53.1677548560782
28075,0,50.7035105647004
28077,0,52.7864866116195
28079,0,53.5274185601984
28081,0,52.9722538336332
28083,0,53.569343302032
28085,0,52.4079043267886
28087,0,53.1312975013995
28089,0,52.3315620674464
28091,0,54.0159875374209
28093,0,52.7221321084352
28095,0,53.3016308252926
28097,0,53.8490320213969
28099,0,54.4375664336488
28101,0,53.8695797279052
28103,0,54.5331193570675
28105,0,56.1509959746658
28107,0,53.8330407771221
28109,0,53.1518664576796
28111,0,54.2356653577036
28113,0,52.9804454266079
28115,0,52.8252918678782
28117,0,54.7148097058296
28119,0,47.4835168876734
28121,0,52.2255336978959
28123,0,52.3348037405545
28127,0,53.8738141449145
28129,0,54.4799281121753
28131,0,58.8161045217337
28133,0,53.5946565822443
28135,0,56.083535399954
28137,0,52.4804736415204
28139,0,52.4441807630926
28141,0,54.8914655242648
28143,0,57.2610312748778
28145,0,53.8361817282577
28147,0,53.4868520907249
28149,0,55.8032778355601
28151,0,52.0569208868995
28153,0,56.4103528856751
28155,0,53.2251842251272
28157,0,50.9999447364639
28159,0,53.8041165186244
28161,0,51.8624254817285
28163,0,52.7690525134224
30003,0,13.3498976142534
30013,1,71.9945573868291
30013,0,45.9442883684893
30017,0,47.4450961189911
30017,1,74.155236068002
30021,0,13.6166357388543
30029,1,70.4566760743126
30029,0,45.4100412306454
30031,0,46.8407855439733
30031,1,72.6489781711923
30041,1,72.2833199494518
30041,0,45.5731800004409
30043,0,44.8454000402285
30043,1,71.5555399892394
30047,1,71.043540728462
30047,0,44.7533991973505
30049,0,45.2381239442412
30049,1,71.4570347879986
30053,0,46.4378147296219
30053,1,72.3309494910615
30063,0,47.4942123630683
30063,1,73.6863066133644
30067,1,73.8909409461225
30067,0,48.7847084606284
30081,0,49.0879022255111
30081,1,74.7860892338139
30083,1,73.7714484447897
30083,0,47.0613084957788
30093,0,47.3177786356108
30093,1,73.7349515119969
30095,0,18.1078871469324
30111,0,44.8113779303431
30111,1,70.8926008888897
32001,0,57.9686215762756
32003,0,57.3024101835303
32005,0,57.4093775502711
32007,0,55.6119558946456
32013,0,53.8506978031171
32019,0,56.7984914955136
32023,0,56.6944028619299
32029,0,61.652826239211
32031,0,55.6410426224601
32033,0,58.5085074082711
32510,0,57.0104708095543
33001,1,57.7450130072921
33001,0,31.7209559775438
33003,0,36.0472408044956
33003,1,61.8993417293346
33005,0,32.9075628315497
33005,1,57.5104430127687
33007,1,61.6806819388107
33007,0,36.1880592830303
33009,1,60.7486594225142
33009,0,34.3528708332273
33011,1,54.7332547726656
33011,0,29.3962416698205
33013,0,30.8458147637449
33013,1,56.3026626001908
33015,0,29.4926288911814
33015,1,55.5470972408443
33017,0,32.7411017828315
33017,1,57.830352697136
33019,0,31.3156411354611
33019,1,57.3564650915192
34001,2,76.5041003338606
34001,1,51.7297672643948
34001,0,24.043511342809
34003,2,69.4291567748944
34003,1,43.5309116661562
34003,0,15.294525300029
34005,0,14.680766879169
34005,1,43.0725128945212
34005,2,68.3672293444933
34007,1,43.1556569754972
34007,2,69.0553049003824
34007,0,15.6771580236452
34009,2,75.256225776688
34009,0,23.178220532369
34009,1,50.9586987895363
34011,2,68.427139743714
34011,0,16.8430697027155
34011,1,43.7446187806808
34013,2,68.4010664125503
34013,0,14.7357557020161
34013,1,42.5291645048472
34015,1,42.3176170401861
34015,2,67.6901571563257
34015,0,15.1231008895959
34017,0,16.7947298795814
34017,2,70.7895109284012
34017,1,44.9745689013669
34019,1,44.7962620605802
34019,0,16.8887524581384
34019,2,70.6916761336898
34021,1,42.6870385137338
34021,2,69.2890718749626
34021,0,15.0749071149178
34023,2,68.408984890131
34023,0,14.2343467159603
34023,1,42.6291699895304
34025,0,15.9610596119155
34025,1,44.1324975387308
34025,2,70.1382770882641
34027,2,69.4836657424785
34027,0,15.0559049091568
34027,1,43.8140599197521
34029,1,43.3543148674149
34029,2,69.348238591141
34029,0,14.9461270999377
34031,2,68.8743493702032
34031,0,15.7425725511949
34031,1,43.3816046765083
34033,1,44.4413221998736
34033,2,68.7200109967606
34033,0,16.0688894198976
34035,0,14.2293638020158
34035,1,42.5291146914589
34035,2,68.2258485819724
34037,1,43.7221774295943
34037,2,69.8285909455108
34037,0,16.3093539956955
34039,2,68.092357750538
34039,1,42.4129697567813
34039,0,13.9170207821221
34041,0,16.3313284415124
34041,2,69.7166272241027
34041,1,44.3599789006804
35001,0,28.842214172877
35001,1,57.143950754134
35005,1,56.8882452309417
35005,0,29.2968688901894
35006,1,60.8162566472127
35006,0,33.9110571648506
35007,0,37.2793047993254
35007,1,66.2084101631037
35009,0,28.9835862486163
35009,1,55.5630096486605
35013,0,30.0958652233486
35013,1,58.3248229093084
35015,1,55.6832201981807
35015,0,28.7780207158187
35017,0,32.8689736654505
35017,1,60.3381395400562
35019,0,34.4228616772497
35023,0,12.0156321183518
35025,1,55.544566519288
35025,0,27.6274140962178
35027,1,71.6844030276232
35027,0,42.7552976638449
35028,1,55.5251746247921
35028,0,26.5960692610138
35029,1,59.9645024536898
35029,0,31.0353970899115
35031,1,54.5739383678567
35031,0,28.4145133857118
35035,1,60.1965492039609
35035,0,32.7273833293552
35037,1,66.1600530054986
35037,0,37.2309476417203
35041,1,61.1559011188278
35041,0,33.6867352442221
35043,0,28.5306242540671
35043,1,55.8618145705602
35045,1,53.3374539542024
35045,0,26.6442114211298
35047,0,32.7364573128435
35047,1,61.6655626766218
35049,0,33.4122018097468
35049,1,60.8259079894142
35051,1,61.3978456123779
35051,0,32.4687402485996
35053,1,59.9334678764552
35053,0,31.5963170354857
35055,0,39.0560230702668
35055,1,65.9612225526289
35057,0,33.3273251959611
35057,1,59.19258360705
35061,1,57.6064117192564
35061,0,32.4869278083847
36001,2,71.0132687458098
36001,1,45.1072472647298
36001,0,15.6406774993745
36003,1,47.0035046159995
36003,2,71.2406251528094
36003,0,19.0097792393867
36005,0,21.1099985873777
36005,1,50.93268209227
36005,2,76.4652116023307
36007,2,70.915469442227
36007,1,46.2973484864415
36007,0,18.3563481800469
36009,2,70.0131014234545
36009,1,45.6093823638548
36009,0,19.86249875236
36011,0,16.5907240899614
36011,2,69.8830988800949
36011,1,45.821453072045
36013,2,70.5052732925699
36013,1,46.5766512460261
36013,0,20.5635891940404
36015,2,67.8900789174429
36015,1,44.024942503011
36015,0,19.6157879145421
36017,1,43.9894508309519
36017,0,16.6991799047812
36017,2,68.0687156186357
36019,1,46.7692669378089
36019,0,18.46704307093
36019,2,71.2063956816581
36021,2,69.9352819181688
36021,0,16.5269903728361
36021,1,45.3806758209075
36023,0,21.3519565426308
36023,1,49.1507341661069
36023,2,73.765533071041
36025,1,48.7746655048151
36025,2,72.7482123109939
36025,0,20.8488565360646
36027,2,68.5516507754782
36027,0,15.3262683210224
36027,1,44.0485302740668
36029,0,15.4240993513918
36029,1,44.1988807756714
36029,2,68.8687779561936
36031,2,75.694195945729
36031,1,50.6528955409219
36031,0,21.5759865362468
36033,0,20.8619823845725
36033,2,71.3956210059107
36033,1,46.6088659960672
36035,0,16.0231956207787
36035,2,68.170593708698
36035,1,45.845879125671
36037,0,18.2211845413236
36037,2,68.9987657323693
36037,1,44.8360531191822
36039,0,19.4331896547448
36039,2,72.1725422654728
36039,1,47.9181441366112
36043,2,69.0832185425336
36043,1,44.9175139606302
36043,0,15.9774727395015
36045,2,68.3343726140963
36045,1,44.4057505675524
36045,0,17.0718961216106
36047,1,48.9262333722861
36047,2,74.4587628823468
36047,0,19.1035498673939
36049,2,69.3704254578434
36049,1,45.4418034112996
36049,0,18.0910123362879
36051,2,70.6989346621779
36051,0,18.4964379791021
36051,1,46.2952156025782
36053,1,46.9939604204097
36053,0,20.2956440170477
36053,2,71.5151718238744
36055,2,68.3468241363924
36055,0,14.181774386057
36055,1,43.5028135164739
36057,2,68.2397564888912
36057,0,14.8082346035413
36057,1,43.6189651677254
36059,1,43.0745565573281
36059,2,68.5327815520494
36059,0,14.1462645740908
36061,0,23.2153680658871
36061,1,53.0380515707794
36061,2,78.57058108084
36063,2,67.8079477170805
36063,0,16.1974055568134
36063,1,43.960133460078
36065,2,69.6048808051544
36065,1,44.9260829412782
36065,0,17.4107613503448
36067,1,42.6442155527589
36067,2,68.3621894557647
36067,0,14.6343580839484
36069,1,44.9811404314955
36069,2,69.5386794685036
36069,0,16.9161843675285
36071,1,41.449425512443
36071,2,66.8960133431603
36071,0,12.6384709664124
36073,0,19.282515965203
36073,2,69.4331186362974
36073,1,45.6213540995065
36075,1,44.394398735873
36075,0,18.4245792406764
36075,2,68.6751027924539
36077,2,74.6594846806371
36077,1,49.4176429315312
36077,0,23.7312794688773
36079,0,14.9158539448288
36079,2,68.7818808900032
36079,1,42.8240730684006
36081,1,50.0858858755968
36081,0,20.2632023707045
36081,2,75.6184153856575
36083,2,68.3464404630483
36083,0,14.0097197189518
36083,1,43.3629105919091
36085,2,71.3638438624308
36085,0,16.0086308474778
36085,1,45.8313143523701
36087,2,67.7705781125938
36087,1,42.4766237507772
36087,0,14.5632329713641
36089,0,20.2643386467116
36089,2,69.5708256656433
36089,1,46.3423512969179
36091,0,14.7546538427593
36091,1,44.0052136336814
36091,2,68.9881086707085
36093,2,68.7189310539262
36093,1,42.7274693237602
36093,0,13.7775916643595
36095,1,46.8779603094686
36095,0,19.6711372088013
36095,2,71.5255682240957
36097,1,49.1023497498637
36097,2,73.6229263192163
36097,0,21.7515586748521
36099,2,69.3456011771498
36099,0,18.6581425784031
36099,1,48.4808260832954
36101,2,68.7050750415901
36101,0,16.6957777106795
36101,1,44.243664357844
36103,2,66.2114735349887
36103,1,41.2989057866523
36103,0,12.9704430982711
36105,0,15.8814884751742
36105,1,43.5440071141465
36105,2,68.9566313138879
36107,2,69.1097948210608
36107,1,44.7611743566176
36107,0,16.9623967331415
36109,2,74.2360256448038
36109,0,21.6209982812832
36109,1,49.2806288095428
36111,2,70.1792839440965
36111,0,17.5921670429138
36111,1,45.2459876637178
36113,2,72.479193125976
36113,1,47.0575287094365
36113,0,20.4426601315779
36115,1,45.86870169135
36115,0,17.2830217919284
36115,2,69.9434395312541
36117,1,42.0017940622777
36117,0,13.5168395804113
36117,2,66.3396400166428
36119,0,14.7158186516787
36119,2,70.5224821413842
36119,1,44.5104246227741
36121,2,69.5140908289715
36121,1,45.5233343206937
36121,0,16.7126037565095
36123,1,48.6389374250031
36123,0,18.8162539201108
36123,2,72.7115274458912
37001,0,54.0008942064244
37003,0,54.1531340799876
37005,0,55.7593428370617
37007,0,55.154280075063
37009,0,57.2913084108917
37011,0,59.6288460965237
37013,0,53.9976404587145
37017,0,55.8156224233552
37019,0,55.1394833328366
37021,0,54.7609018650697
37023,0,53.8124291842688
37025,0,52.6101302522427
37027,0,54.4460447634153
37031,0,55.1870112878965
37033,0,54.9814610514003
37035,0,53.0714051097702
37037,0,53.3752479123304
37039,0,55.8001086144576
37041,0,55.2237664800824
37043,0,57.6735520317304
37045,0,53.2050952986723
37047,0,54.8799261417137
37049,0,54.4444773654919
37051,0,52.8646529836033
37053,0,56.2481748046481
37055,0,60.06873054196
37057,0,51.9581686402472
37059,0,52.6724976536169
37061,0,55.2017714025822
37063,0,51.9146012771812
37065,0,53.9680467389394
37067,0,53.1642836411704
37069,0,53.04513136218
37071,0,51.9887402060618
37073,0,55.2283799678255
37077,0,52.8334827221468
37079,0,53.1027168333332
37081,0,52.9018511391733
37083,0,54.0285887660194
37085,0,53.4653144257532
37087,0,57.8221656304767
37089,0,53.513280297992
37091,0,53.1516869896567
37093,0,52.8486255876704
37097,0,53.3106883739072
37099,0,60.4826062950252
37101,0,53.3431593546812
37103,0,55.4539042013791
37105,0,54.1460645056756
37107,0,53.249700933316
37109,0,54.0574909903561
37111,0,53.1796602278856
37113,0,58.8673491055249
37115,0,58.1071420381415
37117,0,53.7417038488739
37119,0,52.0018405217068
37121,0,56.5541674830835
37123,0,53.1720523428892
37125,0,54.7008570715424
37127,0,53.4487769086402
37129,0,54.7235505412983
37131,0,50.9603681851001
37133,0,55.528283536617
37135,0,53.8908843072304
37137,0,56.3970961509119
37139,0,54.4860687310245
37141,0,56.7706205192815
37143,0,55.6901318322614
37145,0,53.9791441898222
37147,0,53.8969590603388
37149,0,55.6121668001264
37151,0,52.4880473953508
37153,0,56.5544697434999
37155,0,53.8309633137755
37157,0,55.3666324148094
37159,0,52.9980179994228
37161,0,53.5174453846643
37163,0,55.2514119772257
37165,0,54.7876576976258
37167,0,53.5489391773079
37169,0,56.1977497259875
37171,0,54.4948846703282
37173,0,59.9116429069151
37175,0,56.4448283231293
37179,0,51.8656476763654
37181,0,54.1471013159016
37183,0,53.147387487285
37185,0,56.5775819586047
37187,0,55.6221528518124
37189,0,59.2664729614553
37191,0,54.5214877665796
37193,0,54.4858842317614
37195,0,53.009851519634
37197,0,54.6915456762608
37199,0,56.4053804394947
39001,1,59.569406336372
39001,0,30.6403009725937
39003,0,30.718038184017
39003,1,55.5713436543978
39005,0,28.9691351840413
39005,1,56.8862876071115
39007,1,55.6954821261342
39007,0,27.778329703064
39009,1,62.6808177054297
39009,0,36.3895684602098
39011,0,29.3700266124517
39011,1,55.2352850235405
39013,1,55.7928717722653
39013,0,28.7606409446287
39015,1,57.6249785197119
39015,0,30.7417747516833
39017,0,28.5353482775925
39017,1,56.2626310030427
39019,0,28.0381484529985
39019,1,56.2214793165596
39021,1,55.7653499238383
39021,0,28.8601504414762
39023,1,56.5204585749205
39023,0,29.1952606746591
39025,0,27.4571382426179
39025,1,55.2351435704717
39027,0,28.6991537474961
39027,1,56.6163061705663
39029,1,55.9566298217746
39029,0,28.5810561359709
39031,1,56.1422587297925
39031,0,28.0301585535855
39033,0,29.2593848593557
39033,1,55.8388082594
39035,1,55.4702576579981
39035,0,27.4341685614174
39037,1,54.8362184931373
39037,0,29.9938572355947
39039,1,55.8474289278389
39039,0,28.5222310275774
39041,0,27.3806458034937
39041,1,54.7425728234564
39043,0,32.7048829843707
39043,1,60.2962593251231
39045,1,54.2838790987946
39045,0,27.5178267116489
39047,0,27.5076559947414
39047,1,56.4367613585197
39049,0,27.1946156598563
39049,1,54.2416843248942
39051,0,29.7076725784737
39051,1,56.1648855123713
39053,1,57.9282914784298
39053,0,28.9991861146515
39055,0,28.3298193734475
39055,1,54.583466691174
39057,1,56.0362246763354
39057,0,28.1130798370336
39059,0,29.8148994405854
39059,1,58.7440048043637
39061,0,26.2239842964111
39061,1,53.4511628771844
39063,1,55.9595626528876
39063,0,29.6463176933343
39065,1,61.1903866243114
39065,0,32.2612812605331
39067,0,29.2535450899091
39067,1,58.1826504536874
39069,1,57.5774201708911
39069,0,28.6483148071127
39071,0,30.0535467358157
39071,1,57.9706991588859
39073,1,59.4597150783837
39073,0,30.5306097146055
39075,1,56.3506795021289
39075,0,28.8815136275232
39077,0,28.2991999659777
39077,1,56.6423432231789
39079,0,27.4806698245521
39079,1,56.4097751883304
39081,1,54.7617597008868
39081,0,30.7933758259397
39083,0,29.3651937537058
39083,1,57.2823461767759
39085,1,54.6678530051495
39085,0,26.8163376782715
39087,0,28.4086879602383
39087,1,57.3377933240166
39089,1,54.9893796608003
39089,0,28.4099562607561
39091,1,56.5644028703895
39091,0,28.2272520294199
39093,0,26.6282243725895
39093,1,55.0643145629787
39095,1,54.4690707126225
39095,0,28.2961267715008
39097,1,56.4876605051123
39097,0,29.0331519479063
39099,0,27.1342247870676
39099,1,55.3701072061569
39101,0,28.1653276643131
39101,1,55.9105239824739
39103,1,54.8953255361714
39103,0,26.9804523308332
39105,0,29.9181685453103
39105,1,58.8472739090886
39107,0,28.7227046785375
39107,1,55.6279041608996
39109,0,26.7822117579185
39109,1,54.7957976630324
39113,1,55.3301967044531
39113,0,27.543827002918
39115,1,64.4093910387115
39117,1,57.1143969264778
39117,0,29.645231051872
39119,0,31.3717074880888
39119,1,57.8289204219864
39121,0,29.2173667998616
39121,1,58.1464721636399
39123,0,32.0820258316274
39123,1,57.5272858248169
39125,0,29.606564876602
39125,1,58.5356702403803
39127,1,54.6215168319711
39127,0,28.1643038980735
39129,1,54.156791613909
39129,0,28.8554995950637
39131,1,57.3091457053852
39131,0,29.8399798307795
39133,0,30.6463794450642
39133,1,56.5006936433149
39135,1,57.2766880990001
39135,0,29.8075222243944
39137,0,28.5242109442216
39137,1,57.4533163079999
39139,0,28.8346537777802
39139,1,56.7518062008504
39141,0,30.624436914859
39141,1,57.0816498487566
39143,0,28.9599333281518
39143,1,55.5393567281961
39145,0,29.7030948634424
39145,1,58.6322002272207
39147,0,29.625108094833
39147,1,56.9562984113261
39149,1,53.9023043937055
39149,0,29.0489989233248
39151,0,28.9710905344616
39151,1,56.0490144364377
39153,1,55.0409681810786
39153,0,26.6214342099138
39155,1,55.8720757016902
39155,0,28.7691669061424
39157,1,55.2481761568845
39157,0,28.568027339285
39159,1,56.3118733752409
39159,0,27.802766429362
39161,1,56.3249576412878
39161,0,29.8677447073902
39163,1,56.472221502185
39163,0,27.5431161384067
39165,1,53.7692000174933
39165,0,26.3818676554979
39167,1,56.4775087702712
39167,0,29.1523108700097
39169,1,55.0491515408878
39169,0,29.6208281767681
39171,0,29.2809712173603
39171,1,58.2100765811386
39173,0,30.5608493201115
39173,1,57.1402727201558
39175,1,55.5519127553636
39175,0,29.094699821466
41001,1,60.0665854068878
41001,0,30.3957051111176
41003,0,31.2393926141104
41003,1,59.7323562804948
41005,0,27.2422163105188
41005,1,55.8060985455875
41007,0,32.8561482357298
41007,1,60.9231210679832
41009,1,57.6319123810179
41009,0,29.4209715744202
41011,0,33.4351912956872
41011,1,63.1060715914575
41013,0,31.0043251815264
41013,1,60.6752054772966
41015,1,64.1816515647774
41015,0,34.5107712690071
41017,0,30.9276494580143
41017,1,59.3203983725856
41019,0,31.6711138404292
41019,1,58.1341792091657
41027,0,29.6074617311301
41027,1,58.2663890861923
41029,1,58.9859648529298
41029,0,32.1559956261471
41031,0,29.7750199208216
41031,1,59.4459002165919
41033,0,32.1259429556266
41033,1,58.4351883469547
41035,1,58.5498850990151
41035,0,31.2286867669789
41039,1,58.6779248517396
41039,0,31.0309504373856
41041,1,64.6784553936562
41041,0,37.4794675277667
41043,1,55.9442159269893
41043,0,26.8761950932765
41045,1,59.6903424649037
41045,0,31.4794016583061
41047,0,26.3386477795688
41047,1,54.3124015577194
41049,0,30.5278809156332
41049,1,58.7388217222308
41051,1,56.2566351112324
41051,0,28.8263449233337
41053,0,28.2459675910329
41053,1,55.3009874825781
41057,0,33.8238633956763
41057,1,60.4308967387571
41059,1,55.6578831598194
41059,0,27.324731887075
41061,1,59.8941974830456
41061,0,30.2233171872754
41065,0,30.4969031248257
41065,1,55.8669328624358
41067,1,55.6247235345225
41067,0,27.0877841279442
41071,0,28.3331771193045
41071,1,57.4660956558346
42001,0,55.0508869448675
42003,0,53.5111011240909
42005,0,54.5208338430095
42007,0,54.4392016176219
42009,0,56.632851605979
42011,0,53.0740739502274
42013,0,55.2546959356043
42015,0,54.8317979704888
42017,0,53.9872017250225
42019,0,53.5975424546447
42021,0,55.7672923084802
42025,0,53.5334462342823
42027,0,56.3974325176966
42029,0,53.7364158570276
42031,0,56.3882894910663
42033,0,55.9856055342495
42035,0,58.9609130246075
42037,0,55.9345972337645
42039,0,55.7050289638826
42041,0,55.1187683973562
42043,0,53.3222518399668
42045,0,53.9917418885763
42047,0,57.5925819668877
42049,0,55.4130861807451
42051,0,55.0165292048697
42055,0,53.6209456179952
42057,0,57.6065071066056
42059,0,54.5086921978251
42061,0,56.1907748501589
42063,0,56.6001830204967
42065,0,58.1401224534628
42067,0,55.2653878112585
42069,0,54.2324491043532
42071,0,53.3387858587067
42073,0,54.8226684573614
42075,0,53.8479230905608
42077,0,52.3024466509143
42079,0,52.6563471746474
42081,0,54.9420752890476
42083,0,57.0402332173899
42085,0,55.6516905642283
42087,0,56.0189291557347
42089,0,55.7988397005731
42091,0,54.5228845579213
42093,0,54.2930378211051
42095,0,53.805765091048
42097,0,54.2345147471142
42099,0,55.2092784935831
42101,0,53.0652781145169
42103,0,56.0513641034381
42105,0,56.8512984280597
42107,0,52.4346131620769
42109,0,56.0456118264587
42111,0,56.7784638448391
42115,0,56.2869604449792
42117,0,56.5211598982053
42119,0,56.1995088130117
42121,0,55.7472974428663
42123,0,57.1351038040673
42125,0,54.8098583047402
42127,0,56.5850332472434
42129,0,53.5499941453241
42131,0,58.4483669548069
42133,0,53.3370137286197
44001,0,45.6245771638499
44001,1,71.1361351850513
44003,0,43.5210412055557
44003,1,68.4944603996469
44005,1,71.4101520117542
44005,0,46.0204634937174
44007,1,68.4900224733334
44007,0,42.4092172827173
44009,1,71.663116707373
44009,0,46.304544173995
47001,0,54.5525785912403
47003,0,53.9143836857968
47005,0,54.8983923141959
47007,0,54.9721586082911
47009,0,53.5905777848474
47011,0,54.1467147751067
47013,0,55.6072421365052
47015,0,56.0662355245683
47017,0,54.8149622018331
47019,0,54.8075267137984
47021,0,54.4680710403715
47023,0,54.362930965502
47025,0,55.9785084414905
47029,0,57.6426439844077
47031,0,55.5883827183361
47033,0,56.3729192317867
47035,0,54.378265501815
47037,0,54.9085669988036
47039,0,57.5619365960862
47041,0,53.6460512814648
47043,0,53.7541849123112
47045,0,54.8394455206127
47047,0,52.6235607394772
47049,0,56.7904087775961
47051,0,54.4938221528056
47053,0,54.2431203417739
47055,0,54.8251298786426
47057,0,55.1668191144432
47059,0,54.6157073767295
47061,0,53.1008598177028
47063,0,55.6147081865434
47065,0,54.9028669889945
47069,0,52.7678084401725
47071,0,55.8958562049823
47073,0,54.7517630097333
47075,0,54.8701543742311
47077,0,56.716224954958
47079,0,55.0694990103186
47081,0,56.964271767586
47083,0,55.8733937441948
47085,0,54.5401958191322
47087,0,54.4317793816954
47089,0,56.4929501142675
47091,0,55.8548358123176
47093,0,54.1316266399678
47095,0,58.1380551042731
47097,0,54.4674509210882
47099,0,54.0157025064411
47101,0,55.9679872870748
47103,0,54.8611500060881
47105,0,54.216214441378
47107,0,55.9770967169169
47109,0,54.6766230575896
47111,0,54.2421385837867
47113,0,53.9504166490984
47115,0,53.3641236047643
47117,0,54.1406851754426
47119,0,53.5304669336504
47121,0,55.127496637514
47123,0,54.3700866056542
47125,0,53.2732173286389
47127,0,57.8228357591139
47129,0,55.0205856990619
47131,0,56.1222431475358
47133,0,55.7630170141878
47139,0,55.3665386245514
47141,0,53.7642227736104
47143,0,57.2093794026605
47145,0,55.1104702626533
47147,0,52.6931586657828
47149,0,53.734576931867
47151,0,54.5695841940671
47153,0,57.5567744843054
47155,0,58.3987604521547
47157,0,53.0287718558914
47159,0,55.1775720100417
47161,0,56.8941647567633
47163,0,55.0233357945842
47165,0,53.303297322727
47167,0,52.4696078923388
47169,0,53.8923061465381
47171,0,56.2718787005578
47173,0,56.2761411164157
47177,0,56.1758594148743
47179,0,55.0875779949642
47181,0,55.456176092084
47183,0,57.231362054555
47185,0,55.5640116271485
47187,0,55.2179419277975
47189,0,53.4271466910043
49003,0,28.7064178705769
49003,1,54.321250992504
49005,0,31.7495287905008
49005,1,57.098183471937
49007,0,30.2214990853011
49007,1,55.7141217410815
49011,0,28.508264696627
49011,1,54.5261846805477
49013,1,53.5197650534009
49013,0,28.0271423976204
49015,0,30.0982747030344
49015,1,55.5908973588148
49019,0,44.6870707840439
49019,1,70.1796934398244
49021,0,31.7582677288445
49021,1,57.3731008507716
49023,0,29.3768239385026
49023,1,54.869446594283
49027,0,31.3252015520838
49027,1,56.8178242078642
49029,0,27.2998509008646
49029,1,56.7243054756984
49035,0,28.6454089542058
49035,1,54.773419379268
49039,0,30.6630032806445
49039,1,57.6155654255975
49041,1,57.6108981573432
49041,0,30.6583360123902
49043,0,33.5326497028859
49043,1,59.6181651399504
49045,1,53.0599492977269
49045,0,27.2078483728879
49047,1,54.6500102663046
49047,0,27.6974481213515
49049,0,29.2973972311042
49049,1,53.58622781465
49051,0,32.7274384448723
49051,1,58.7091754248455
49053,0,31.9267872339028
49053,1,57.4703896684757
49057,0,27.1954299044802
49057,1,53.6936450893503
50001,0,31.6513458911273
50001,1,59.1896339204852
50003,0,33.6321268630944
50003,1,61.6636873003335
50005,1,59.7892624020915
50005,0,33.1460698036889
50007,0,31.4316258772748
50007,1,58.845130351624
50011,1,56.3772074987461
50011,0,29.7340149003434
50015,0,35.5704633565776
50015,1,62.7343797904349
50017,0,32.6669754535965
50017,1,60.914075515516
50019,1,60.0630302911825
50019,0,32.6329354168344
50021,1,59.4499208775471
50021,0,32.0609537789273
50023,0,31.177570853539
50023,1,58.7319909750945
50025,1,59.7058289643584
50025,0,32.4175872832937
50027,1,60.047506596252
50027,0,31.617675919345
51001,0,53.367984669056
51003,0,53.482255323879
51005,0,56.2343542626813
51007,0,54.5250088555747
51009,0,54.0434989885633
51011,0,55.3692829846071
51013,0,53.215730194371
51015,0,56.3901462480242
51019,0,54.5803374768156
51023,0,54.0338470692277
51025,0,55.8830764369099
51027,0,55.3727496342122
51031,0,54.8461892152687
51033,0,55.2273874440344
51035,0,55.5836862060618
51036,0,18.2766076446171
51037,0,54.4110368016254
51041,0,52.819282717182
51043,0,55.8489882669541
51047,0,54.2346942993142
51051,0,56.2410010968407
51053,0,55.2344934391827
51057,0,56.0521164414739
51059,0,52.9462891758192
51061,0,52.9899106786436
51063,0,56.0718736519814
51065,0,54.20090971513
51067,0,54.34231883611
51069,0,52.1525719782601
51071,0,56.2424860207515
51073,0,54.1247981569735
51075,0,54.5313006089987
51079,0,54.5125470448306
51083,0,55.5391915312092
51085,0,54.3387442596699
51087,0,53.2346431349457
51089,0,54.7433977163725
51093,0,53.4911418137106
51095,0,54.2016731677898
51099,0,53.2222150352988
51101,0,54.437301348674
51103,0,56.0182757277073
51105,0,54.6286172618002
51107,0,52.1435902265134
51109,0,53.4568312622335
51111,0,56.3583122468106
51113,0,54.4776480025597
51117,0,54.5183860107984
51119,0,58.0229989084143
51121,0,58.3669753715883
51125,0,55.746192598324
51127,0,55.4714628141535
51131,0,56.8053026937721
51133,0,54.7370567627223
51135,0,55.9656092078599
51137,0,54.724581409171
51139,0,55.6742491844651
51141,0,56.9914814194926
51143,0,54.9950598497218
51145,0,53.6304708011002
51147,0,58.3800401053082
51149,0,52.6752709356287
51153,0,51.6421630696798
51155,0,56.3501285544819
51161,0,54.517630491061
51163,0,55.8339675996605
51165,0,54.2805538233764
51167,0,56.3412113999457
51169,0,56.1654364140291
51171,0,53.4295863164957
51173,0,55.3268100101554
51175,0,54.8495263796282
51177,0,54.041955004012
51179,0,52.1771027430239
51183,0,57.4876338827577
51185,0,54.6957066542427
51187,0,54.0003827903814
51191,0,54.6374191683329
51193,0,56.7288470980952
51195,0,56.2791270578225
51197,0,55.0523453603641
51199,0,53.1457207614933
51510,0,53.0564996519069
51520,0,56.2359951000233
51540,0,56.4374851368868
51550,0,51.8247907116083
51570,0,56.025139913704
51580,0,55.9980179350334
51590,0,54.880748268614
51595,0,54.1286301451882
51610,0,57.0560523820947
51620,0,53.4335436487721
51630,0,57.737239812066
51640,0,54.7838506090205
51650,0,52.6708335720216
51660,0,58.7076988754652
51670,0,54.0224681577208
51680,0,56.5355287173264
51683,0,53.2191797232366
51685,0,55.5440735590362
51690,0,56.883347857851
51700,0,52.5976065141923
51710,0,53.4163116199338
51730,0,55.2650842370846
51735,0,54.2155537013322
51740,0,52.8197305659827
51750,0,62.5962197290756
51760,0,53.7325708032027
51770,0,54.0961246405534
51775,0,57.1727595177068
51790,0,57.1022564752923
51800,0,53.3710881385338
51810,0,53.1892015048552
51820,0,54.4108816731389
51830,0,59.4822283284978
51840,0,55.9681656233987
53001,0,23.1349345275936
53001,1,49.9649037543762
53003,0,27.7791931260553
53003,1,57.4500734218256
53005,0,25.965910844753
53005,1,52.7286281203745
53007,0,28.8341264328771
53007,1,57.4625520512437
53009,1,58.6663056235246
53009,0,29.5873798505631
53011,0,27.7497254779949
53011,1,54.7011879208719
53015,0,27.2798320449485
53015,1,54.8099489495497
53017,1,56.2253103996637
53017,0,27.8921591269194
53021,1,52.6780285500019
53021,0,25.2709266484195
53025,0,23.761975094006
53025,1,52.164112719321
53027,0,29.6002450784677
53027,1,59.271125374238
53029,0,27.2814210193406
53029,1,55.5280093454252
53031,0,31.5925763297917
53031,1,60.4464514379906
53033,0,28.2288999550808
53033,1,57.2219462096417
53035,0,28.8116922772783
53035,1,56.8074344221776
53037,1,63.2003107219603
53037,0,33.9494288440894
53039,1,56.4400704920984
53039,0,26.5682500269598
53041,0,28.486546964706
53041,1,55.8077452967422
53045,0,29.6878202961701
53045,1,59.3587005919403
53047,0,30.0373727436376
53047,1,56.6444060867184
53049,0,29.9505645245388
53049,1,59.621444820309
53051,0,30.3941197870125
53051,1,60.0650000827827
53053,0,26.355269301176
53053,1,55.4223682327378
53055,0,16.1370363872024
53055,1,43.7840108015565
53057,0,27.5964295566686
53057,1,56.6492311541972
53061,0,27.0124341003496
53061,1,55.9917489294913
53063,0,28.9323602716
53063,1,57.5099706417835
53065,0,28.6535501593045
53065,1,56.3005245736585
53067,1,54.5698455692828
53067,0,26.6978204901662
53071,0,29.4419024989712
53071,1,57.283824666462
53073,0,28.7653689855595
53073,1,58.1016784321565
53075,0,33.5627424805064
53075,1,61.6297153127597
53077,1,52.6103916984863
53077,0,24.2325543578969
54001,1,57.9857276664982
54001,0,30.5165617918925
54003,0,28.1689863371142
54003,1,53.6652261090962
54005,0,28.6541873379437
54005,1,57.583292701722
54007,0,29.089913397623
54007,1,58.0190187614013
54009,0,30.7603612487991
54009,1,59.6894666125774
54011,0,31.5166455309425
54011,1,58.9858114055482
54019,0,28.8070585364162
54019,1,57.7361639001944
54023,1,59.8974125209219
54023,0,30.9683071571436
54025,1,59.0960764097378
54025,0,33.2308179986489
54027,0,29.6515185462474
54027,1,58.5806239100257
54029,0,30.6058316869736
54029,1,55.7253155978453
54031,0,32.1619320935302
54031,1,59.6310979681359
54033,0,27.6304798994159
54033,1,54.3106287170154
54035,0,27.1356400087925
54035,1,54.5878692543284
54037,0,29.7157636157763
54037,1,57.0409615160377
54039,1,54.4833807829871
54039,0,28.4763151083048
54041,1,59.8838073026679
54041,0,30.9547019388895
54043,0,29.241823724149
54043,1,58.1709290879273
54045,0,26.4705635082946
54045,1,53.7957614085561
54049,0,30.1390934301652
54049,1,56.4583308059502
54051,0,27.867928938528
54051,1,55.7850813615982
54053,0,30.4051288916262
54053,1,56.270387302715
54055,0,29.9529432379164
54055,1,58.8820486016947
54057,0,28.8692243661263
54057,1,57.7983297299045
54059,0,26.3344223232822
54059,1,55.2635276870605
54061,1,58.73265828081
54061,0,30.6435497528305
54065,0,31.1738181615834
54065,1,58.6429840361891
54067,0,28.0492913210942
54067,1,56.9783966848725
54069,0,32.2162686839196
54069,1,57.7837391432558
54077,0,27.7389965945466
54077,1,55.0641944948081
54079,0,27.1819357738742
54079,1,54.7733121146266
54081,0,30.1281947942944
54081,1,57.4533926945558
54083,0,31.8291937312802
54083,1,59.298359605886
54087,0,-6.80913823716295
54087,1,19.6480746967347
54089,0,32.9172511237747
54089,1,61.846356487553
54091,0,29.0194619810389
54091,1,57.9485673448172
54095,0,28.9644044206411
54095,1,57.8935097844194
54097,1,57.5591772406827
54097,0,30.090011366077
54099,0,29.0894331632913
54099,1,58.0185385270696
54103,1,55.024821276595
54103,0,28.5676083426974
54107,0,29.7902411629374
54107,1,57.7073935860076
54109,0,28.948187654959
54109,1,57.8772930187373
55001,0,36.121147205327
55001,1,63.3283061959733
55003,0,33.2851329999744
55003,1,60.4922919906207
55005,0,32.1493824418597
55005,1,60.8164809216786
55009,0,30.1651195355283
55009,1,56.719803854525
55011,0,31.7246533513577
55011,1,57.9198594012959
55013,0,33.7771755362667
55013,1,62.4442740160856
55015,0,29.1303595191833
55015,1,56.1935505354853
55017,0,30.672141772598
55017,1,55.8384582527582
55019,1,56.2394327539529
55019,0,30.1881946783589
55021,0,30.1509087191952
55021,1,57.2140997354972
55023,0,31.9079960463278
55023,1,59.115155036974
55025,0,29.5480356334821
55025,1,57.6711799378291
55027,0,28.5224338934166
55027,1,55.0487689820664
55029,0,34.7652247468027
55029,1,60.9604307967409
55031,0,29.7918570464111
55031,1,57.8670010034212
55033,0,34.2267998043108
55033,1,61.2899908206128
55035,1,58.6510652039061
55035,0,31.2209703295579
55039,0,29.3465553438848
55039,1,57.5804312611606
55043,0,32.8654731420702
55043,1,60.520618681181
55045,0,29.6466326939793
55045,1,55.4728201048106
55047,0,30.9173708046179
55047,1,59.5844692844368
55049,0,27.8827304404531
55049,1,56.549828920272
55053,0,32.8142485993553
55053,1,59.0094546492935
55055,0,28.2207467860613
55055,1,55.6097138846812
55057,1,58.8824355391352
55057,0,32.2392429407326
55059,0,27.5057926775707
55059,1,54.3329971016523
55061,0,29.9291511788618
55061,1,58.5962496586806
55063,0,30.3868928607485
55063,1,58.3831019463563
55067,0,31.0672294390131
55067,1,59.734327918832
55069,0,31.2143733972166
55069,1,59.8814718770355
55071,0,30.6627004204407
55071,1,59.3297989002595
55073,0,30.2638605901642
55073,1,55.8951002478587
55075,0,32.6104276882694
55075,1,58.8056337382076
55077,0,32.1335292093167
55077,1,58.3287352592549
55078,0,2.31447302381426
55078,1,29.5216320144606
55079,0,27.5040008627566
55079,1,55.4149204189414
55081,0,29.7992727525541
55081,1,56.8624637688562
55083,0,31.2624187995383
55083,1,58.4695777901846
55085,0,33.6777793167689
55085,1,59.2810308438983
55087,0,29.6503603890645
55087,1,56.4885007406039
55089,0,27.8591587876948
55089,1,56.1036154838006
55093,0,31.4609140461299
55093,1,58.8910089204781
55095,0,30.8571644601545
55095,1,59.5242629399733
55097,0,33.0603158450951
55097,1,60.7154613842058
55099,0,7.94608672009106
55099,1,36.6131851999099
55101,0,28.7757214386901
55101,1,55.2880857079117
55103,0,32.1186855493621
55103,1,58.3138915993003
55105,0,27.6301777207315
55105,1,55.4604231176615
55107,0,31.0321715246753
55107,1,59.6992700044941
55109,0,28.2069900580677
55109,1,56.2821340150778
55111,0,31.3708213458642
55111,1,59.5522843115915
55113,0,35.4797695092807
55113,1,64.1468679890995
55115,0,32.4435363549018
55115,1,61.1106348347207
55117,0,28.8956744509975
55117,1,56.7818630711025
55119,0,31.3129516931967
55119,1,59.9800501730156
55121,0,29.9435484615414
55121,1,57.1507074521877
55123,0,29.0658544056755
55123,1,57.7329528854943
55125,0,37.0143423278411
55125,1,64.0775333441431
55127,0,31.6839188351416
55127,1,58.7471098514436
55129,0,31.3945459336153
55129,1,60.0616444134341
55131,0,26.6265341540378
55131,1,55.1246769764627
55133,0,27.4277472202421
55133,1,55.4081581759286
55135,0,31.4280682615797
55135,1,58.0492651456489
55137,0,32.1110868912025
55137,1,60.7781853710213
55139,0,30.2882613594768
55139,1,57.4349002012822
55141,0,29.4532646405453
55141,1,58.1203631203642
