Kind,Name,Category,2/16/20,2/17/20,2/18/20,2/19/20,2/20/20,2/21/20,2/22/20,2/23/20,2/24/20,2/25/20,2/26/20,2/27/20,2/28/20,2/29/20,3/1/20,3/2/20,3/3/20,3/4/20,3/5/20,3/6/20,3/7/20,3/8/20,3/9/20,3/10/20,3/11/20,3/12/20,3/13/20,3/14/20,3/15/20,3/16/20,3/17/20,3/18/20,3/19/20,3/20/20,3/21/20,3/22/20,3/23/20,3/24/20,3/25/20,3/26/20,3/27/20,3/28/20,3/29/20
region,United States,Retail & recreation,6.89,6.1,0.33,2.11,1.05,2.37,7.01,6.81,1.71,4.03,7.34,7.5,7.99,11.52,12.86,7.28,10.78,8.29,7.98,5.34,9.6,9.78,5.87,6.12,7.55,6.36,1.51,-6.33,-9.36,-7.56,-18.11,-23.68,-27.93,-31.57,-39.65,-43.66,-37.51,-39.16,-40.02,-40.28,-42.11,-47.74,-46.96
region,United States,Grocery & pharmacy,1.49,0.44,-0.53,-0.08,-0.06,-2.12,3.34,3.12,0.72,1.22,2.47,3.42,3.39,7.35,8.82,6.12,9.87,6.18,7.31,2.71,8.36,7.46,6.48,7.47,10.07,22.6,25.88,18.34,11.81,21.23,13.77,7.6,6.67,5.16,-1.73,-13.41,-10.2,-11.92,-14.71,-13.8,-16.06,-18.93,-22.3
region,United States,Parks,15.59,28.2,6.43,8.26,4.38,3.86,22.5,22.98,9.23,9.1,5.2,12.25,9.68,20.71,17.75,10.25,20.04,17.14,21.09,11.63,29.29,40.3,31.04,18.23,26.3,19.05,4.33,2.66,4.73,-1,7.84,6.27,1.5,-2.34,-2.9,-11.6,-22.54,-9.91,-7.41,2.88,-7.09,-25.23,-18.64
region,United States,Transit stations,2.18,-8.85,1.08,1.31,0.24,0.92,5.35,4.99,1.28,2.15,3.5,4.01,5.34,7.36,6.69,1.69,2.97,2.31,2.41,1.69,6.72,5.37,-0.98,-2.59,-2.16,-6.3,-10.25,-9.85,-13.21,-22.05,-26.26,-30.29,-35.5,-36.83,-35.85,-43.57,-47.46,-45.85,-47.24,-47.92,-49,-49.3,-51.4
region,United States,Workplace,0.28,-23.77,-0.48,1.09,0.35,0.28,4.12,2.24,2.78,1.89,2.19,1.83,2.42,4.4,2.95,2.98,2.02,2.58,2.51,2,4.58,1.68,-0.47,-1.55,-1.16,-2.91,-6.85,-0.99,-6.67,-19.86,-26.75,-30.61,-33.41,-35.54,-23.99,-31.22,-41.18,-44.55,-45.84,-46.6,-46.31,-33.73,-37.65
region,United States,Residential,-0.83,5.15,0.53,0.01,0.77,0.31,-0.88,-0.83,0.03,-0.15,-0.64,-0.46,-1.29,-1.87,-1.5,-0.58,-0.92,-0.66,-0.67,-0.56,-1.33,-1.08,0.24,0.62,0.17,1.08,2.82,3.1,3.38,7.59,10.73,12.63,14.61,16.22,11.52,10.51,17.27,18.78,19.27,19.85,20.99,14.62,12.17
subregion,Alabama,Retail & recreation,-0.28,3.43,-3.94,3.66,-6.64,3.15,5.16,3.35,-1.99,6.96,15.58,11.77,12.31,14.59,16.29,8.13,20.23,6.7,6.81,9.23,11.93,11.95,9.97,8.51,10.2,10.29,6.64,0.87,-7.19,-2.21,-10.88,-13.15,-20.23,-27.18,-35.15,-39.77,-32.79,-31.69,-27.54,-30.25,-30.49,-36.22,-40.74
subregion,Alabama,Grocery & pharmacy,-2.17,-0.26,-3.24,1.11,-5.67,-0.15,3.71,2.1,-2.68,2.79,4.9,5.65,6.12,9.7,9.81,4.44,14.59,0.15,6.19,4.07,7.84,7.91,8.39,7.89,7.91,21.58,31.83,27.74,16.39,24.22,17.34,13.44,15.41,10.09,5.21,-7.34,-5.73,-5.04,-4.39,-3.42,-1.73,-2.37,-13.45
subregion,Alabama,Parks,-6.82,17.15,-11.01,6.43,-25.42,11.66,46.03,23.94,-13.26,27,6.68,13.8,20.39,54.62,52.77,-1.95,32.99,-8.02,-0.29,29.21,62.61,54.55,44.62,20.69,26.98,42.66,26.16,54.68,16.2,21.54,24.92,38.84,26.58,7.28,10.16,2.31,-11.14,3.61,35.58,31.55,29.56,22.44,19.04
subregion,Alabama,Transit stations,2.79,6.82,-1.2,4.2,-0.86,8.97,13.13,16.1,1.71,7.44,11.03,8.85,10,20.14,20.76,4.75,5.06,1.52,3.59,9.82,17.85,20.14,9.25,4.31,6.78,7.8,7.11,12.22,5.9,1.71,-1.35,-2.73,-7.54,-13.8,-13.15,-21.83,-21.68,-18.08,-15.22,-19.29,-24.02,-24.58,-30.11
subregion,Alabama,Workplace,-1.43,-16.76,0.83,1.12,-0.46,1.21,5.81,1.7,-2.05,-1.46,0.46,1.5,0.61,5.47,3.54,1.65,2.42,0.27,1.51,1.71,7.46,3.25,1.57,0.62,0.91,1.13,-1.61,4.17,-3.83,-10.42,-16.9,-22.16,-25.14,-28.89,-16.45,-27.39,-33.36,-34.21,-35.62,-35.71,-36.79,-21.76,-31.63
subregion,Alabama,Residential,0.69,3.94,1.75,0.05,3.02,0.19,-1.28,-0.41,2.19,0.31,-0.95,-0.71,-1.36,-2.93,-2,0.43,-1.26,1.14,0.81,-1.02,-2.37,-1.44,-1.08,0.45,-0.78,-1.14,0.3,-0.2,2.33,3.96,7.19,8.18,10.29,13.49,8.43,8.92,14.05,14.5,13.35,14.31,15.61,9.03,9.47
subregion,Alaska,Retail & recreation,15.27,3.4,-2.47,-0.34,2.96,-0.69,5.36,11.55,3.62,6.41,11.65,9.72,12.02,13.16,17.99,6.03,10.91,11,8.73,9.31,12.49,12.63,7.15,12.57,11.61,12.38,6.64,0.02,5.44,1.27,-14.38,-19.47,-26.44,-28.21,-37.01,-30.07,-36.2,-37.03,-40.09,-39.54,-42.04,-47.09,-48.27
subregion,Alaska,Grocery & pharmacy,4.91,-2,-2.08,-2.01,2.77,-1.68,2.65,3.94,0.95,-1.04,5.55,5.84,5.26,8.72,13.87,5.96,9.13,8.29,7.01,4.04,9.97,7.97,3.82,6.18,9.03,19.43,18.61,18.92,14.42,19.87,8.25,7.77,4.23,2.56,-0.85,-4.36,-10.68,-12.09,-14.53,-12.8,-14.65,-14.61,-26.53
subregion,Alaska,Parks,29.44,9.25,1.15,1.11,5.13,0.5,12.92,16.1,6.78,1.15,6.69,13.13,12.95,8.61,6.1,3.7,-2.34,3.35,8.56,9.83,17.21,33.87,13.57,11.03,16.2,21.14,15.54,37.31,57.77,29,11.61,6.14,14.85,23.3,1.42,64.99,23.45,17.43,6.14,30.85,2.07,11.47,17.77
subregion,Alaska,Transit stations,6.43,-5.78,3.93,4.19,1.18,5.18,3.37,0.85,3.64,-1.21,2.4,9.46,8.07,12.36,16.31,6.38,3.33,8.08,3.54,8.64,8.99,9.44,3.34,2.11,2.69,-0.6,-0.29,1.5,6.87,-5.78,-12.39,-12.28,-21.31,-24.5,-24.72,-29.62,-36.78,-38.67,-41.61,-42.31,-50.14,-50.18,-54.93
subregion,Alaska,Workplace,1.01,-33.22,-1.99,-2.75,1.74,4.89,4,1.88,2.76,3.09,2.7,2.3,6.39,5.05,4.91,0.9,3.43,2.83,1.52,0.19,3.48,2.01,-9.51,-7.36,-7.73,-8.92,-9.61,-0.74,-1.26,-11.86,-14.81,-20.99,-24.62,-25.15,-19.7,-21.15,-35.49,-38.65,-41.49,-41.75,-40.11,-30.35,-32.75
subregion,Alaska,Residential,-1.4,8.43,2.21,1.75,-0.28,0.05,-0.68,-0.7,-0.2,0.23,-0.44,-0.85,-1.79,-1.58,-1.45,0.15,-0.21,-0.11,-0.34,0.57,-0.96,-1.17,2.14,2.13,1.87,1.83,3.05,0.77,0.2,3.89,7,9.3,10.38,11.85,8.2,5.58,14.29,16.17,17.57,16.88,18.68,11.21,9.66
subregion,Arizona,Retail & recreation,7.26,8.6,1.98,4.15,5.11,2.17,-1.98,5.77,4.79,5.18,8.9,9.12,6.6,6,11.67,8.33,9.02,8.19,9.15,5.82,4.39,9.02,8.5,5.65,5.37,6.29,0.36,-4.87,-2.1,0.07,-8.56,-22.57,-22.46,-27.65,-36.3,-36.92,-30.82,-31.63,-33.19,-33.64,-37.57,-40.92,-39.64
subregion,Arizona,Grocery & pharmacy,2.72,0.85,2.26,2.11,2.29,0.8,-4.32,1.01,1.2,1.68,4.26,4.1,5.29,5.64,7.4,4.03,7.54,8.1,5.77,5.7,5.3,4.36,4.07,3.08,5.65,15.26,20.33,18.46,16.23,22.19,19.68,6.43,7.46,6.46,-1.08,-9.63,-9.84,-8.82,-11.16,-12.17,-14.23,-14.58,-17.4
subregion,Arizona,Parks,30.25,34.57,13.65,14.18,21.44,9.7,-41.78,5.65,15.26,9.26,9.79,16.72,10.16,13.75,20.7,3.81,11.46,17.06,22.42,20.25,18.08,21.81,32.34,4.22,-14.47,-14.9,-15.55,-6.08,14.7,12.95,8.95,-38.3,-8.23,-5.75,-13.56,0.2,-3.35,0.44,-6.54,-9.05,-22.19,-23.86,-6.62
subregion,Arizona,Transit stations,2.92,0.81,6.12,7.24,5.01,4.13,-5.59,6.5,5.08,7.09,8.88,6,7.05,6.56,7.66,3.95,6.37,6.58,4.5,7.54,9.45,7.02,4.44,2.05,-2.25,-5.98,-7.03,-2.02,-3.39,-9.38,-8.91,-21.14,-23.43,-25.18,-25.93,-32.69,-33.05,-30.61,-32.07,-35.96,-39.35,-37.25,-40.68
subregion,Arizona,Workplace,-0.11,-25.49,1.71,1.18,-1.06,-0.38,-4.12,1.05,2.7,2.53,1.87,1.7,2.62,2.38,2.51,2.96,2.86,2.41,1.78,1.43,0.95,1.08,-6.62,-7.64,-9.98,-11.53,-12.11,-1.91,-3.7,-19.26,-24.25,-30.73,-33.04,-33.13,-22.38,-27.8,-36.81,-39.28,-40.85,-41.8,-41.04,-29.22,-33
subregion,Arizona,Residential,-0.88,4.78,0.12,-0.36,-0.17,0.32,2.77,-0.35,-0.23,-0.18,-1.01,-1.02,-0.94,-1.63,-1.34,-0.39,-0.71,-1.11,-1.17,-0.76,-1.52,-1.64,0.31,1.85,2.66,3.5,4.25,1.49,0.8,4.95,7.63,11.95,12.63,13.77,9.92,8.38,13.36,14.77,15.14,15.94,17.82,11.94,9.8
subregion,Arkansas,Retail & recreation,5.14,0.84,-3.27,4.26,1.96,4.79,3.23,-0.34,3.17,6.75,15.99,15.89,17.76,16.5,18.24,14.46,21.52,15.3,16.65,13.39,12.01,16.37,5.98,13.24,12.41,13.74,4.75,-7.49,-4.76,-6.35,-10.12,-11.99,-18.19,-22.75,-33.47,-40.75,-28.51,-29.76,-25.35,-23.81,-27.66,-38.71,-28.69
subregion,Arkansas,Grocery & pharmacy,3.6,-2.29,-3.8,1.01,-0.14,0.23,1.96,-1.14,-0.37,0.93,4.73,7.22,9.48,10.84,12.29,6.98,15,9.36,12.22,8.21,9.82,12.78,3.83,10.85,13.98,33.28,25.05,11.24,14.17,13.23,9.68,8.13,10.19,11.55,2.01,-10.6,-6.52,-8.76,-5.44,-4.3,-6.9,-13.94,-7.1
subregion,Arkansas,Parks,32.09,7.26,-3.28,24.11,3.41,19.41,17.89,-32.33,-8.65,14.7,8.03,28.21,48.31,69.64,21.42,25.64,57.5,35.66,80.41,73.07,80.15,77.55,-5.08,84.3,61,69.16,15.43,-20.93,-4.5,-19.76,24.66,49.99,17.13,29.5,22.56,-25.59,17.41,52.44,108.2,133.43,87.6,-0.88,80.79
subregion,Arkansas,Transit stations,-0.34,-1.4,-2.05,-0.08,1.18,2.49,1.7,0.83,-0.74,2.87,5.12,5.84,6.15,7.91,11.47,2.72,4.3,2.59,6.17,6.08,10.13,12.3,1.69,5.87,2.39,3.68,1.6,-1.41,0.66,-6.03,-6.29,-8.51,-10.24,-12.61,-11.83,-21.78,-18.25,-17.09,-17.62,-17.54,-21.52,-26.16,-22.45
subregion,Arkansas,Workplace,1.06,-16.23,0.43,3.12,1.32,2.18,2.98,0.64,1.26,1.98,3.26,2.52,3.22,3.78,2.57,2.76,2.8,3.81,2.99,2.92,4.15,3.19,1.2,2.53,3.64,1.99,-1.96,-0.22,-3.69,-15.57,-19.37,-21.55,-24.25,-26.27,-14.34,-25.77,-31.95,-34.67,-34.65,-35.87,-36.23,-22.78,-26.79
subregion,Arkansas,Residential,-0.68,4.54,1.35,-0.77,0.29,-0.63,-0.4,0.83,1.17,-0.09,-1.64,-1.69,-3.18,-3.33,-1.9,-0.7,-2.07,-1.72,-2.34,-2.4,-2.39,-1.91,1.64,-1.09,-1.17,-1.43,1.52,3.65,2.61,7.43,7.78,8.36,10,11.24,7.73,9.16,12.5,13.62,11.57,11.73,13.18,10.26,6.69
subregion,California,Retail & recreation,5.23,8.64,-0.22,0.42,2.03,1.33,0.09,4.24,1.87,2.88,4.83,4.75,4.36,3.96,4.68,6.03,8.22,4.48,4.63,2.19,0.15,2.06,3.08,-0.75,2.61,-3.19,-2.96,-13.47,-16.04,-11.63,-23.18,-29.04,-31.68,-39.6,-47.57,-49.65,-41.14,-41.84,-42.44,-42.13,-43.95,-49.68,-49.54
subregion,California,Grocery & pharmacy,0.43,0.74,0.34,-0.27,0.53,-0.38,-0.38,0.89,-0.15,1.45,2.89,2.86,4.09,4.39,3.23,5.83,9.3,6.46,6.89,5.26,4.33,3.11,6.33,4.4,9.11,13.1,30.95,22.89,11.1,21.32,10.91,4.21,3.32,-3.51,-12.83,-22.27,-17.93,-17.71,-18.57,-17.56,-17.34,-20.4,-24.32
subregion,California,Parks,30.53,44.21,15.68,12.86,12.12,8.4,-2.56,15.64,11.73,19.68,15.7,14.05,10.43,15.04,-4.05,8.26,29.78,15.2,10.99,7.31,0.32,11.07,12.38,-9.67,12.23,-14.77,-20.41,-37.43,-24.61,-27.23,-11.88,-19.68,-19.62,-22.12,-21.92,-23.79,-27.81,-31.08,-29.74,-28.45,-29.27,-47.69,-38.48
subregion,California,Transit stations,1.4,-12.09,2.74,0.83,1.24,-0.2,-3.94,2.69,1.4,3.11,2.75,3.39,2.41,0.63,-0.76,-0.03,1.79,-1.05,-1.36,-3.7,-5.93,-4.15,-6.76,-12.78,-9.93,-18.25,-21.34,-23.59,-22.53,-30.69,-34.29,-38.93,-42.85,-46.42,-46.55,-51.86,-52.37,-52.15,-52.46,-53.2,-53.67,-53.3,-54.45
subregion,California,Workplace,-0.52,-38.48,0.04,0.04,-0.17,0.9,0.97,1.6,3.96,3.09,2.31,2.04,3.19,2.37,1.35,3.74,2.67,1.94,1.53,1.6,1.52,0.75,0.69,-2.95,-2.71,-5.81,-7.66,-5.66,-8.21,-24.07,-32.93,-37.82,-40.35,-43.95,-32.72,-36.24,-48.59,-50.29,-50.86,-51.32,-49.81,-37.23,-39.44
subregion,California,Residential,-1.21,7.85,-0.16,0.08,-0.12,-0.06,0.74,-0.43,-0.31,-0.84,-0.99,-0.75,-1.09,-0.93,-0.11,-0.51,-1.35,-0.39,-0.35,0.08,0.74,0.47,0.77,2.67,1.7,3.92,4.71,6.21,5.94,10.5,14.06,16.51,18.03,21.09,15.92,14.13,21.12,21.99,22.45,22.93,23.65,17.65,15.18
subregion,Colorado,Retail & recreation,6.58,5.47,-4.58,-5.55,1.95,2.76,3.13,-4.3,-0.18,-2.81,6.6,6.94,6.9,5.11,7.6,3.04,8.9,7.51,7.6,5.79,5.5,8.34,6.4,5.6,7.24,6.21,-5.82,-13.85,-14.09,-7.32,-24.22,-25.55,-45.84,-41.63,-43.49,-40.99,-31.47,-35.05,-35.2,-49.94,-52.61,-55.55,-50.99
subregion,Colorado,Grocery & pharmacy,4.7,1.63,-3.87,-3.66,1.66,2.82,6.61,-2.36,0.42,-3.81,4.85,6.32,7.29,7.52,9.06,4.75,11.45,8.41,9.81,9.81,12.63,12.4,10.59,11.38,14.28,26.88,26.57,18.37,12.25,22.36,13.58,9.53,-12.23,-3.73,-5,-9.74,-3.95,-7.92,-7.59,-23.83,-26.46,-27.79,-27.5
subregion,Colorado,Parks,-6.93,4.2,-17.51,-20.97,-4.55,3.84,3.66,-37.2,-6.67,-24.81,1.73,13.98,23.74,4.78,-13.85,0.45,17.31,24.99,33.42,39.22,48.88,37.43,45.5,32.04,47.88,22.45,-22.24,-17.03,15.99,44.02,14.49,50.05,-51.51,-43.12,-25.87,10.4,18.49,36.38,32.41,3.69,-41.6,-38.98,-12.13
subregion,Colorado,Transit stations,2.7,-4.47,0.81,-1.63,0.41,2.79,4.97,-2.54,2.56,-2.37,3.41,2.22,4.33,4.13,1.58,0.3,3.34,1.78,0.26,1.31,3.5,1.15,1.22,-1.73,-1.49,-8.33,-17.03,-15.34,-18.1,-22.92,-28.94,-31.89,-56.71,-48.06,-43.55,-47.23,-47.29,-46.6,-49.71,-56.59,-60.39,-58.72,-59.57
subregion,Colorado,Workplace,0.75,-20.49,-4.13,0.2,-0.12,2.82,3.8,-1.18,8.48,1.96,2.29,2.21,2.94,3.6,2.51,7.04,3.62,2.46,1.98,1.96,3.24,1.66,7.92,1.92,0.68,-1.61,-8.44,-3.85,-9.62,-21.38,-33.66,-37.71,-46.64,-46.01,-29.21,-32.51,-40.84,-47.06,-49.44,-53.43,-52.72,-39.85,-40.32
subregion,Colorado,Residential,-0.42,4.87,2.75,1.62,0.41,-1.02,-0.76,2,-0.37,1.48,-0.82,-0.99,-1.84,-1.34,-0.28,0.01,-1.22,-1.05,-1.14,-1.18,-1.52,-0.44,-1.02,-0.27,-0.58,0.5,5.28,4.67,4.3,7.44,12.82,13.52,21.73,21.28,13.09,10.11,15.59,17.99,18.81,22.24,24.58,17.22,13.1
subregion,Connecticut,Retail & recreation,5.23,11.1,-1.06,1.87,1.78,0.85,9.53,8.55,4.13,1.06,4.85,3.24,3.52,9.01,10.38,7.17,6.14,6.47,6.66,1.6,9.8,8.04,8.52,3.85,5.2,5.3,-3.58,-7.3,-12.68,-7.01,-27.05,-26.83,-33.16,-31.77,-38.15,-43.09,-47.32,-42.95,-46.32,-41.22,-41.66,-48.49,-55.7
subregion,Connecticut,Grocery & pharmacy,-5.14,1.03,-4.91,-1.23,-1.33,-5.03,-1.29,0.22,1.85,-1.24,1.45,0.57,-0.4,0.46,5.18,8.11,9.54,8.08,7.61,1.14,5.5,3.15,8.08,8.87,12.29,33.96,30.25,16.03,4.27,26.06,8.22,6.21,2.37,11.55,0.74,-14.71,-23.83,-15.59,-19.14,-14.32,-15.69,-20.24,-31.88
subregion,Connecticut,Parks,-3.6,32.63,-14.45,12.3,2.34,-3.15,74.43,64.37,44.56,3.91,2.85,4.01,0.52,27.47,-0.59,30.54,18.94,21.95,28.61,1.3,49.76,55.07,94.66,23.63,30.02,9.57,5.93,95.37,55.91,16.11,-9.58,46.45,-12.41,11.87,100.1,27.06,-45.82,17.08,-21.17,54.68,55.23,28.72,-51.55
subregion,Connecticut,Transit stations,2.89,-0.69,0.05,3.56,2.96,1.37,9.71,13.98,3.07,0.8,2.39,2.54,2.8,5.72,10.12,2.5,5.21,3.5,5.08,1.71,7.35,9.5,1.56,0.42,-2.99,-8.58,-17.66,-11.66,-19.37,-24.54,-30.26,-30.27,-40.04,-40.64,-38.1,-47.98,-53.08,-46.12,-50.64,-48.19,-50.82,-54.93,-64.31
subregion,Connecticut,Workplace,-0.34,-29.23,-7.92,-0.14,1.56,1.22,3,2.26,3.6,2.46,1.52,2.84,2.95,2.49,3.24,3.71,3.14,2.04,3.4,1.72,2.72,1.76,2.07,1.06,-0.76,-2.11,-11.63,-2.96,-7.76,-23.33,-31.15,-33.92,-36.28,-37.03,-25.66,-28.79,-44.74,-47.48,-48.98,-48.22,-47.37,-35.44,-37.81
subregion,Connecticut,Residential,-0.27,6.39,2.87,0.04,0.29,0.67,-1.51,-0.98,-0.49,0.03,-0.43,-0.09,-0.39,-1.54,-0.9,-0.67,-0.74,-0.67,-0.97,0.51,-1.18,-0.38,-0.63,0.32,0.47,1.52,6.29,3.33,4.52,9.26,14.07,14.1,17.49,18.23,11.31,10.93,20.85,20.71,22.09,21.03,22.32,15.01,14.56
subregion,Delaware,Retail & recreation,6.23,11.69,3.86,1.94,2.66,1.31,7.9,5.81,2.21,1.26,6.8,6.31,6.68,11.57,11.92,9.5,10.8,10.31,9.41,0.8,11.69,9.55,10.36,8.48,6.55,9.16,5.57,-0.73,-6.78,-0.26,-17.39,-22.74,-25.66,-25.01,-33.81,-38.3,-30.79,-42.26,-47.49,-37.6,-39.92,-50.57,-47.47
subregion,Delaware,Grocery & pharmacy,1.64,2.31,0.22,-0.17,0.77,-1.85,3.98,5.47,0.61,-2.98,2.39,2.79,2.76,3.95,6.58,4.2,6.17,4.4,5.27,-2.72,6.8,8.16,5.09,5.76,6.6,18.39,18.31,10.94,5.84,15.14,4.05,0.7,-0.29,0.68,-6.79,-13.18,-9.44,-21.7,-28.78,-18.41,-22.07,-31.89,-28.38
subregion,Delaware,Parks,21.13,35.29,32.16,6.9,-2.55,-11.47,60.06,59.93,19.48,-10.09,-0.01,-2.19,-2.87,8.95,6.93,32.7,17.82,37.08,27.16,-17.84,38.8,71.28,83.08,27.89,23.99,16.65,34.39,83.57,38.48,8.81,36.04,38.89,13.4,75.15,55.59,-4.74,-46.32,23.63,-44.37,51.44,28.65,-44.78,-6.32
subregion,Delaware,Transit stations,3.66,5.73,7,5.49,5.76,1.17,16.38,11,2.65,-3.62,3.21,1.78,1.36,10.05,1.22,3.97,4.51,7.09,8.42,-1.37,14.65,14.37,3.75,2.25,1.14,0.22,-8.96,-2.87,-16.21,-15.46,-21.22,-24.03,-39.25,-36.84,-37.64,-52.6,-49.89,-46.05,-50.34,-40.57,-48.35,-54.89,-57.49
subregion,Delaware,Workplace,1.65,-22.83,2.99,2.09,2.35,2.36,4.95,1.65,3.6,2.44,2.23,1.78,2.52,6.2,3.45,3.88,3.13,1.3,1.96,1.13,5.83,1.95,1.73,1.3,0.61,-1.82,-4.98,0.26,-8.34,-19.25,-26.51,-30.44,-32.95,-34.47,-20.82,-29.06,-39.45,-43.7,-46.39,-44.86,-44.21,-33.98,-36.56
subregion,Delaware,Residential,-0.91,4.48,-0.58,-0.36,-0.25,0.27,-1.14,-1.16,-0.75,0.76,-0.75,-0.44,-0.87,-1.41,-1.19,-1.33,-1.11,-1.22,-1.16,1.31,-1.23,-1.49,-1.23,-0.27,-0.27,0.47,2.76,2.24,3.49,6.99,10.6,11.93,14.23,14.62,10.54,9.76,16.68,18.32,21.26,18.44,20.13,15.58,11.87
subregion,District of Columbia,Retail & recreation,6.41,-9.53,-4.61,-2.42,0.77,-2.97,0.33,3.03,-1.78,2.96,3,4.54,2.62,-6.03,1.55,-0.26,8.32,13.8,7.7,2.04,1.22,11.42,6.07,4.8,0.11,-3.89,-11.51,-28.15,-34.53,-31.48,-39.57,-45.1,-45.76,-49.69,-59.55,-60.06,-59.31,-55.17,-60.57,-57.83,-59.06,-68.32,-63.59
subregion,District of Columbia,Grocery & pharmacy,-0.62,-11.74,-2.26,-3.23,-5.91,-11.02,3.69,1.53,-6.97,-5.8,-2.5,-5.69,-3.44,-1.52,1.96,-1.76,3.43,4.5,0.76,-1.88,2.96,5.22,4.94,2.64,3.27,11.21,13.99,4.92,-7.39,-1.48,-5.52,-12.74,-10.61,-10.31,-14.22,-23.8,-31.92,-23.53,-31.07,-25.11,-27.13,-30.18,-29.7
subregion,District of Columbia,Parks,37.26,20.59,13.35,6.51,10,7.42,24.51,25.09,11,9.02,-6.87,-4.76,-4.61,-9,-0.13,-1.17,2.03,8.17,6.46,-5.74,8.37,32.59,30.96,12.97,4.86,-0.01,-4.72,-25.76,-42.8,-35.11,-22.39,-31.64,-18.17,-15.85,-18.72,-24.6,-65.55,-45.55,-68.13,-42.44,-44.61,-68.66,-41.46
subregion,District of Columbia,Transit stations,2.91,-39.33,-2.82,-3.08,-1.4,-2.82,5.15,6.72,1.82,5.37,6.07,5.85,2.84,-5.17,2.11,4.05,2.96,5.33,3.36,0.7,2.78,9.35,-0.12,-2.95,-0.14,-13.02,-21.49,-30.1,-38.56,-43.42,-55.32,-59.3,-62.66,-62.07,-59.24,-64.31,-71.77,-71.18,-75.21,-73.21,-70.43,-70.16,-68.4
subregion,District of Columbia,Workplace,-0.38,-51.57,-5.37,-5.07,-5.39,-4.81,2.14,2.86,4.81,2.31,0.92,0.38,1.09,0.95,1.61,4.89,2.96,0.92,0.65,-0.08,0.31,1.11,0.85,-1.45,-4.69,-9.13,-15.24,-9.47,-17.09,-40.31,-51.66,-56.05,-58.09,-56.36,-37.82,-42.15,-62.96,-64.24,-66.92,-66.41,-63.92,-47.06,-47.01
subregion,District of Columbia,Residential,-1.29,11.31,1.09,1.33,1.78,1.92,-1.39,-1.2,0.58,0.01,-0.3,-0.24,-0.58,-1.02,-1.68,0.07,-1.34,-1.21,-0.39,0.66,-1.08,-1.25,0.78,0.42,1.59,3.38,5.49,3.95,6.38,15.86,18.54,20.97,22.46,22.14,13.13,12.38,26.87,24.97,28.33,27,26.78,17.35,13.93
subregion,Florida,Retail & recreation,3.63,5.44,2.79,2.84,2.08,-0.16,2.51,4.92,2.88,3.17,4.67,7.77,5.35,6.03,8.46,6.77,7.73,6.45,4.86,3.15,3.7,3.84,4.53,4.94,5.55,5.04,1.43,-6.05,-8.77,-5.91,-11.41,-18.96,-23.45,-28.93,-39.41,-43.22,-36.91,-37.78,-37.99,-39.94,-43.53,-48.65,-49.59
subregion,Florida,Grocery & pharmacy,0.97,0.55,1.6,0.01,0.81,-1.33,0.1,2.42,1.32,1.39,0.71,5.61,4.44,3.92,6.66,6.85,9.76,5.51,5.49,3.4,3.3,3.33,4.54,6.42,6.89,16.65,21.62,15.75,9.38,14.26,13.83,7.1,5.58,5.97,-3.45,-12.48,-11.59,-11.57,-12.93,-14.27,-17.42,-22.53,-25.8
subregion,Florida,Parks,7.59,23.8,12.54,15.1,9.83,-12.18,7.84,19.82,11.92,5.92,-9.31,2.36,4.38,8.11,9.93,7.67,10.16,14.35,8.45,9.31,12.61,-0.81,6,11.26,19.68,17.49,14.42,8.03,11.67,-0.11,0.71,-0.39,-7.42,-15.25,-33.4,-33.13,-33.02,-33.26,-33.08,-34.09,-37.94,-48.33,-48.26
subregion,Florida,Transit stations,2.24,0,6.29,4.52,3.97,0.34,2.47,4.23,2.69,4.65,3.74,6.73,4.69,5.7,7.03,3.1,3.49,1.49,2.05,-1,2.06,1.38,-0.87,1.48,-1.08,-2.46,-8,-9.97,-12.53,-16.07,-18.24,-26.48,-32.57,-37.68,-42.45,-49.08,-46.14,-45.7,-48.41,-50.94,-55.13,-59.45,-62.7
subregion,Florida,Workplace,-1.51,-18.73,1.42,1.57,1.29,0.42,1.08,0.47,2.02,1.82,1.35,1.53,1.2,1.87,1.15,1.09,1.93,1.44,1.27,1.39,1.71,-0.46,-0.2,0.01,-0.16,-1.4,-5.08,-1.23,-5.92,-18.16,-22.32,-26.21,-28.7,-31.03,-25.55,-32.51,-36.19,-39.11,-40.49,-41.62,-42.66,-35.98,-40.7
subregion,Florida,Residential,0.14,3.57,-0.12,-0.14,-0.22,1.14,-0.47,-0.22,-0.18,0.27,0.34,-0.73,-0.56,-1.73,-0.75,-0.41,-0.48,-0.3,-0.17,-0.12,-1,0.55,0.33,0.44,0.12,0.31,1.89,1.52,2.81,6.03,8.28,10.37,11.78,14.04,10.72,10.7,14.75,16.49,16.88,17.56,19.96,14.19,13.17
subregion,Georgia,Retail & recreation,-1.67,3.6,-4.38,1.7,-6.45,1.52,4.65,2.28,-4.86,4.75,8.72,9.68,8.62,12.54,12.72,4.34,9.91,2.75,1.37,7.05,9.92,7.63,6.72,5.32,6.38,8.02,2.86,-4.33,-11.77,-8.45,-14.1,-18.25,-20.54,-24.32,-31,-39.45,-35.15,-35.03,-32.94,-34.31,-34.85,-39.06,-42.26
subregion,Georgia,Grocery & pharmacy,-5.33,0.87,-5.28,-0.04,-7.4,-1.23,0.3,0.76,-4.28,2.26,2.64,4.59,4.16,6.32,7.42,3.24,11.3,-0.35,0.19,2.81,5.45,4.28,7.81,7.63,7.15,24.01,32.55,17.19,8.15,18.22,13.16,7,10.03,7.52,3.68,-10.21,-6.14,-6.25,-7.96,-8.06,-9.24,-9.85,-16.55
subregion,Georgia,Parks,-18.68,23.9,-23.06,1.7,-35.51,22.99,47.93,20.44,-20.85,9.32,5.02,6.19,29.77,40.41,48.99,-9.45,-0.04,-19.3,-29.92,44.42,78.58,56.95,53.11,18.25,38.43,22.79,38.57,50.01,1.91,-4.32,11.5,23.51,27.37,46.13,33.45,-17.9,-39.61,-22.54,19.07,3.13,33.14,13.56,-2.05
subregion,Georgia,Transit stations,-4.68,-0.04,1.46,3.21,-0.75,4.08,4.43,3.36,-2.07,0.68,4.01,6.05,7.45,12.11,8.37,0.01,-0.16,-1.65,-0.94,5.16,8.94,3.92,-0.24,-2.78,-0.43,-1.95,-4.52,-3.95,-12.66,-19.85,-21.42,-24.14,-28.96,-30.48,-26.9,-41.71,-43.2,-40.28,-39.4,-42.52,-44.53,-43,-51.63
subregion,Georgia,Workplace,-3.21,-18.59,-4.9,-2.48,-4.34,-2.89,3.58,0.91,1.44,2.11,1.47,1.58,1.99,3.9,2.12,2.38,1.38,-0.31,-1.19,0.69,4.89,1.16,1.83,-0.51,-1.11,-1.51,-7.61,-0.2,-8.97,-19.64,-25.3,-29.24,-30.93,-31.92,-17.87,-29.22,-37.6,-40.86,-41.93,-42.52,-42.36,-28.12,-36.64
subregion,Georgia,Residential,0.63,3.78,3.16,0.77,3.77,0.31,-1.09,-0.55,1.44,0.3,-1.12,-1,-2.41,-2.53,-1.98,-0.04,0.45,1.27,2.42,-1.76,-2.33,-1.11,-1.12,1,-0.35,0.05,1.39,1.57,3.43,7.32,10.53,11.5,12.84,13.14,8.76,9.74,16.24,18.33,16.74,18.01,17.63,11.65,11.07
subregion,Hawaii,Retail & recreation,4.34,5.09,-0.3,-0.83,1.69,1.34,2.83,2.07,0.95,1.23,1.57,2.79,2.17,0.76,1.98,0.46,1.4,-0.8,0.99,-1.27,0.14,-0.35,-1.73,-1.9,-2.13,-2,-3.76,-6.24,-8,-9.76,-17.51,-20.46,-22.85,-30.55,-40,-41.87,-37.81,-45.15,-50.45,-51.28,-52.05,-55.86,-56.18
subregion,Hawaii,Grocery & pharmacy,2.56,-3.94,-1.65,-2.28,0.78,-0.96,1.27,-0.01,-0.73,-0.35,2.26,3.7,1.74,1.23,2.25,0.92,5.04,1.19,6.25,1.02,3.51,2.39,1.01,0.03,0.61,5.33,9.12,6.41,4.87,7.29,0.62,-0.22,-1.64,-5.33,-14.15,-16.09,-14.57,-21.87,-30.48,-32.38,-31.55,-36.33,-36.41
subregion,Hawaii,Parks,15.01,13.83,0.66,1.26,6.23,7.35,20.17,15.56,5.53,5.3,8.76,2.55,-1.3,0.24,-6.9,-7.01,-0.5,6.57,-0.76,-8.41,3.97,3.38,-6.4,0.99,3.74,-12.01,-8.14,1.63,-7.25,-33.68,-42.54,-23.37,-31.07,-29.39,-37.5,-42.62,-58.55,-61.9,-65.26,-69.04,-69.48,-64.89,-65.08
subregion,Hawaii,Transit stations,4.27,-1.53,6.11,2.09,2.3,1.92,-0.08,2.3,4.43,0.96,-0.88,-0.93,-0.64,-0.81,-0.41,-1.6,-3.3,-6,-4.35,-3.01,-4.01,-2.22,-3.11,-4.26,-5.66,-8.82,-7.95,-9.31,-11.4,-14.89,-22.05,-26.88,-31.4,-33.83,-39.88,-43.39,-43.97,-50.21,-55.73,-65.83,-66.05,-70.23,-71.94
subregion,Hawaii,Workplace,-0.67,-47.48,-0.72,-0.36,0.4,2.33,0.9,0.99,1.81,-0.34,0.53,0.4,1.78,0.64,1.37,2.19,0.89,0.89,0.95,1.72,1.4,0.71,1.31,0,-0.24,-1.31,-0.64,-3.54,-5.33,-17.04,-22.89,-24.91,-28.35,-31.5,-26.83,-30.22,-34.85,-42.23,-45.83,-53.09,-45.93,-43.27,-45.38
subregion,Hawaii,Residential,-0.55,11.38,0.89,1.01,0.3,-0.47,-1,-0.12,-0.47,0.5,-0.09,-0.17,-0.59,-0.18,1.01,0.02,0.43,0.2,0.19,0.08,-0.17,0.61,0.57,1.01,0.83,1.95,1.66,1.88,3.03,7.03,11.72,11.71,13.63,15.81,12.32,11.42,16.05,20.49,22.38,25.32,25.04,18.28,16.06
subregion,Idaho,Retail & recreation,11.14,10.01,0.77,2.2,4.62,3.59,6.08,12.48,4.83,6.31,9.36,9.56,9.82,9.55,21.31,8.86,10.61,9.02,10.24,7.29,8.28,16.59,6.17,8.96,7.95,9.25,5.57,-5.53,1.79,1.79,-7.08,-11.66,-14.62,-20.84,-28.97,-21.82,-23.58,-25.96,-26.93,-39.86,-43.19,-47.37,-41.72
subregion,Idaho,Grocery & pharmacy,2.86,3.77,3.36,3.32,3.31,1.8,6.12,7.1,4.6,5.42,7.91,7.75,7.05,8.6,14.91,10.51,15.01,13.37,13.58,8.27,9.11,13.69,10.91,13.84,13.11,22.98,32.99,26.49,25.64,31.44,22.47,17.16,12.57,11.81,4.74,1.3,0.7,0.18,7.12,-10.18,-14.16,-17.31,-18.1
subregion,Idaho,Parks,13.81,43.89,20,11.69,16.18,21.6,40.26,43.53,17.98,30,24.33,46.81,45.75,14.07,53.49,22.06,42.7,33.58,55.3,41.11,1.71,66.43,37.68,65.41,60,54.14,32.63,-11.14,28.5,65.3,56.25,47.54,93.25,68.63,75.88,139.85,46.46,39.79,10.18,23.5,10.55,13.34,24.65
subregion,Idaho,Transit stations,0.16,-0.27,8.9,7.34,7.35,6.7,8.66,9.12,4.33,9.3,6.94,9.84,9.48,11.12,15.98,2.89,7.17,7.34,12.71,7.63,11.12,13.53,4.6,11.3,6.05,6.73,2.19,-2.03,1.95,-2.12,-2.4,-6.07,-9.24,-16.09,-10.42,-11.42,-19.74,-14.23,-19.34,-26.45,-32.77,-28.62,-33.94
subregion,Idaho,Workplace,-0.72,-25.33,1,2.29,1.64,3.13,2.43,2.28,8.6,2.35,3.36,2.51,0.89,2.58,3.73,8.83,2.8,3.58,2.17,2.2,1.79,2.65,8.69,2.14,3.21,1.4,0,-0.87,-8.43,-4.18,-18.77,-23.25,-26.57,-27.69,-17.51,-26.75,-29.68,-36.28,-37.68,-43.79,-43.45,-30.8,-37.83
subregion,Idaho,Residential,-0.37,3.43,-0.2,-0.3,-0.36,-1.06,-1.32,-0.85,-2.35,-0.79,-1.21,-1.31,-1.68,-1.53,-1.63,-2.62,-1.11,-1.01,-1.32,-1.3,-0.78,-1.1,-2.52,-1.36,-1.04,-1,-0.3,2.62,2.69,1.47,7.01,8.83,9.5,10.39,6.65,5.21,9.12,13.18,13.83,16.85,17.88,11.72,9.79
subregion,Illinois,Retail & recreation,7.74,2,0.54,0.77,-0.01,2.13,10.79,10.53,0.81,-0.62,0.05,5.51,6.34,14.15,16.82,7.73,10.07,8.94,6.77,5.51,14.44,14.66,-0.57,6.87,5.87,6.54,4.89,-7.1,-8.45,-10.29,-22.98,-33.52,-34.1,-32.86,-46.05,-62.86,-50.39,-46.55,-43.35,-47.13,-47.69,-52.76,-53.21
subregion,Illinois,Grocery & pharmacy,2.17,-2.83,-0.75,-1.08,-0.3,0.2,9.34,9.03,5.82,-1.26,-0.74,4.33,3.53,11.24,14.49,7.69,9.51,9.61,8.46,4.55,14.21,14.23,2.74,10.07,12.72,32.13,42.74,30.77,24.68,30.45,17.22,8.14,16.12,25.82,3.21,-34.46,-21.21,-16.72,-12.76,-15,-14.22,-16.62,-23.79
subregion,Illinois,Parks,29.25,-13.68,5.33,2.79,0.43,5.29,56.66,103.6,-1.88,-3.27,-3.32,3.68,4.71,25.94,118.14,20.3,20.59,27.58,20.86,16.87,75.1,164.74,-5.16,20.25,14.79,18.57,18.92,-12.6,24.68,-18.75,44.15,-33.89,-31.06,-27.74,-21.55,-38.64,-29.33,-11.22,29.47,-28.2,-27.44,-34.56,-28.56
subregion,Illinois,Transit stations,2.94,-12.55,2.26,2.25,0.46,4.57,9.7,7.21,-0.49,-2.69,-0.91,2.42,6.84,10.35,11.75,0.02,2.01,3.65,1.93,3.76,13.3,10.25,-5.15,-1.98,-1.6,-5.11,-5.96,-7.65,-12.82,-26.96,-30.49,-38.99,-42.84,-40.86,-39.41,-54.07,-55.29,-52.73,-49.66,-54.66,-53.1,-50.17,-54.73
subregion,Illinois,Workplace,1.72,-22.71,0.95,1.27,2.25,2.44,6.72,4.08,2.24,0.97,-1.22,2.49,0.26,5.77,4.35,-0.9,1.95,1.83,2.79,1.84,6.75,2.9,-0.37,-0.09,-0.52,-0.79,-3.63,0.45,-5.25,-19.18,-30.91,-34.83,-36.68,-37.88,-25.01,-37.85,-49.53,-50.44,-50.46,-50.45,-49.88,-34.92,-39.15
subregion,Illinois,Residential,-1.3,5.62,0.01,0.21,0.15,-0.71,-2.45,-1.77,0.01,1.03,1.43,-0.4,-0.95,-3.04,-2.72,-0.02,-0.91,-0.81,-0.7,-0.96,-2.95,-2.31,1.09,0.08,0.4,0.79,0.8,2.77,3.26,7.85,11.53,15.63,16.85,16.94,12.54,13.74,21.02,21.68,20.96,22.47,23.08,15.26,13.13
subregion,Indiana,Retail & recreation,8.07,4.65,0.56,4.02,2.99,4.41,13.3,9.04,0.61,2.37,0.53,6.79,7.67,17.93,17.57,9.19,13.78,13.77,12.03,4.95,18.3,15.29,7.11,5.95,8.19,7.26,5.08,-7.4,-7.04,-5.28,-20.89,-27.13,-27.66,-30.2,-38.78,-45.55,-29.7,-33.73,-44.75,-43.39,-44.62,-48.72,-48.15
subregion,Indiana,Grocery & pharmacy,2.86,-2.81,-1.17,0.1,-0.54,-1.83,7.07,6.23,-1.58,2.2,-2.92,2.96,1.59,11.02,12.4,4.29,10.63,7.15,9.08,-0.35,12.92,12.13,6.46,6.38,9.31,23.35,27.27,15.09,11.85,26.35,16.29,7.03,14.5,8.75,2.57,-15.41,2.81,-2.33,-19.8,-18.19,-19.88,-20.78,-24.61
subregion,Indiana,Parks,34.29,-3.85,2.96,8.94,0.94,11.68,69.44,83.39,-8.26,-4.2,-7.41,0.15,7.63,27.19,88.04,6.51,34.8,41.86,42.73,9.85,85.45,160.69,24.47,14.54,22.35,31.78,36.95,0.74,36.59,4.27,52.31,-10.48,-4.22,18.58,9.78,-4.93,6.15,11.03,60.7,37.51,13.84,28.66,24.04
subregion,Indiana,Transit stations,5.47,2.25,4.17,5.41,4.53,5.6,11.91,7.49,0.63,2.66,1.76,5.81,8.56,15.54,14.14,4.83,8.87,7.71,7.82,7.67,19.07,16.78,5.18,5.21,6.11,4.6,4.57,1.1,0.13,-3,-2.65,-8.88,-12.7,-14.63,-13.4,-26.47,-20.82,-19.27,-23.02,-26.82,-32.13,-30.62,-33.76
subregion,Indiana,Workplace,1.35,-12.6,1.58,1.64,1.34,1.79,4.01,3.47,2.03,1.69,-1.41,-0.75,1.01,1.99,3.87,2.06,2.08,1.79,1.91,1.46,4.74,3,0.91,-0.01,-0.03,-0.94,-4.36,-1.01,-4.95,-14.5,-20.88,-24.75,-27.13,-29.57,-22.5,-29.3,-34.56,-38.99,-44.98,-45.74,-46.16,-34.51,-36.1
subregion,Indiana,Residential,-0.99,3.95,-0.01,-0.11,0.05,-0.65,-2.33,-1.46,1.03,0.18,1.83,0.94,-0.81,-2.73,-2.28,0.17,-1.45,-1.04,-1.07,-0.26,-3.04,-2.28,0.36,0.3,0.21,0.56,1.17,3.01,2.47,6.2,8.27,11.61,12.77,13.93,9.83,9.39,14.37,16.05,18.98,19.8,21.67,13.33,10.93
subregion,Iowa,Retail & recreation,9.68,-2.47,-2.81,-3.46,-0.73,9.22,9.67,13.68,0.81,-2.24,6.89,5.18,11.44,13.49,20.06,5.6,7.99,9.43,2.8,12.77,13.35,18.25,-0.9,4.64,7.84,5.3,9.84,-7.05,0.03,-2.67,-21.05,-32.23,-37.33,-35.44,-43.67,-45.58,-38.72,-40.81,-39.1,-39.63,-39.58,-48.41,-42.76
subregion,Iowa,Grocery & pharmacy,17.7,4.77,6.17,5.67,5.01,6.4,14.46,21.86,10.97,2.94,10.19,3.05,11.02,18.39,28.63,12.69,15.48,17.04,5.5,14.7,22.4,27.59,9.86,15.52,22.06,21.65,33.02,18.31,29.62,47.87,34.38,16.93,4.12,9.9,6.31,-6.8,-2.37,-4.63,-3.18,-9.75,-4.62,-7.72,-9.66
subregion,Iowa,Parks,16.16,-8.21,5.04,-2.31,0.14,12.69,51.26,83.3,7.7,7.1,5.5,12.66,15.06,48.36,109.77,18.51,35.54,52.37,12.05,46.71,82.94,140.41,-5.26,36.17,49.61,31.13,38.76,-16.37,18.24,15.23,65.07,0.6,-7.18,-5.44,22.26,-13.17,20.81,53.07,47.62,53.73,25.65,7.99,40.8
subregion,Iowa,Transit stations,-3.82,-6.98,-0.77,0,-2.27,3.59,2.98,2.57,-3.24,-4.27,5.12,-0.14,6.14,9.41,7.13,-2.75,-1.05,4.83,3,13.86,18.12,16.84,-0.08,5.67,8.74,4.67,10.52,-1.38,0.82,-4.51,-1.89,-4.12,-15.14,-15.88,-13.53,-24.15,-19.12,-17.15,-14.86,-20.08,-21.11,-26.99,-28.13
subregion,Iowa,Workplace,2.12,-8.45,0.91,3.13,1.11,3.45,4.56,4.76,4.24,0.81,4.04,2.11,4.75,4.19,5.01,4.28,1.95,4.42,2.54,5.58,5.97,4.79,2.74,1.24,3.58,0.36,0.07,0.57,-2.27,-14.82,-22.67,-25.51,-29.4,-29.03,-16.55,-25.23,-31.65,-35.79,-35.49,-37.17,-35.49,-23.35,-28.52
subregion,Iowa,Residential,-1.11,3.98,0.4,0.34,0.52,-2.52,-1.88,-1.96,0.05,0.79,-0.91,-0.2,-3.11,-2.74,-2.71,-0.3,-0.95,-1.43,0.2,-3.68,-2.68,-2.59,1.28,-0.09,-1,0.38,-1.98,2.56,1.39,5.47,8.24,11.52,14.51,13.14,10.14,9.38,14.56,15.81,15.65,17.14,16.04,12.92,9.77
subregion,Kansas,Retail & recreation,15.21,6.94,3.37,4.45,-2.18,9.3,5.09,12.94,-0.24,1.86,11.75,7.5,17.4,11.11,24.34,7.64,14.07,12.53,8.67,15.42,10.14,19.21,1.5,9.39,15.16,10.48,8.41,-10.93,-5.61,-6.91,-12.53,-16.38,-22.94,-24.16,-37.89,-34.65,-28.41,-36.07,-34.12,-39.62,-36.95,-44.66,-35.89
subregion,Kansas,Grocery & pharmacy,2.87,0.08,-1.11,2.55,-6.51,-4.28,1.12,1.63,-1.91,-4.48,7.24,-0.44,3.22,8.75,13.35,5.01,9.21,10.87,3.66,2.53,7.47,9.35,2.19,6.37,14.59,22.37,26.27,15.58,10.17,21.29,21.85,24.28,14.31,15.24,6.25,-0.39,3.81,-6.76,-3.62,-13.82,-12.84,-11.55,-14.11
subregion,Kansas,Parks,22.91,55.38,17.97,8.2,-2.97,21.56,56.42,19.09,-7.68,0.69,11.61,19.3,62.03,116.09,90.27,34.96,80.44,65.47,53.13,87.29,100.8,46.53,-8.5,50.08,112.47,64.51,22.07,-18.95,-27.55,-5.56,25.65,61.88,93.88,20.39,34.9,-33.1,29.73,45.72,116.74,80.68,62.21,49.52,72.45
subregion,Kansas,Transit stations,5.53,1.51,0.16,3.97,-1.78,4.2,5.7,0.67,-4.39,-5.43,5.42,4.27,14.76,11.79,16.58,2.18,9.09,11.68,8.87,16.44,17.6,17.93,-0.09,4.91,16.08,10.73,10.95,3.36,4.73,-3.21,-3.1,-0.09,-7.84,-9.06,-8.81,-17.5,-16.27,-15.62,-12.29,-19.06,-20.66,-25.94,-20.21
subregion,Kansas,Workplace,1.33,-14.77,-0.32,3.7,-0.82,7.31,4.16,2.42,4.95,1.44,4.08,1.55,8.4,4.54,4.26,6.21,2.7,4.57,2.1,6.91,5.6,2.17,-0.41,-2.42,-0.66,-4.3,-5.96,-1.04,-6.24,-18.26,-24.4,-25.9,-29.76,-27.08,-15.32,-24.35,-31.29,-37.96,-39,-41.52,-37.55,-25.2,-30.16
subregion,Kansas,Residential,-0.83,3.33,0.1,-1.24,1.4,-3.41,-1.42,-0.15,0.3,0.93,-1.92,-0.81,-5.07,-3.09,-2.38,-1.53,-1.72,-2.63,-1.31,-4.65,-2.64,-1.29,1.37,0.06,-2.22,-0.2,-0.14,3.37,3.22,7.02,9.15,9.38,12.18,10.84,9.25,9.27,12.93,16.6,14.89,17.62,15.29,12.12,9.06
subregion,Kentucky,Retail & recreation,3.23,3.48,-2.8,1.72,0.02,1.7,8.87,3.82,-2.49,4.55,8.72,9.37,10.17,16.64,18.46,7.79,16.33,12.83,11.59,4.69,14.58,12.76,8.09,6.18,8.61,1.52,3.48,-8.46,-10.6,-8.49,-19.41,-23.72,-27.9,-29.15,-38.01,-40.06,-29.87,-39.02,-33.15,-33.02,-36.1,-37.66,-36.94
subregion,Kentucky,Grocery & pharmacy,-0.18,-1.69,-3.15,0.7,-1.49,2.05,8.53,4.54,-1.16,4.9,6.79,6.45,9.12,13.27,15.71,5.62,15.68,12.76,11.55,4.79,15.73,13.25,11.08,9.91,16.6,21.38,27.1,16.05,12.37,24.34,17.37,13.41,12.31,7.1,1.61,-8.67,-2.78,-11.29,-4.61,-5.8,-8.88,-5.75,-10.93
subregion,Kentucky,Parks,24.62,24.39,-7.29,14.35,-3.99,11.94,67.55,43.28,-20.2,4.34,-6.02,-1.94,11.72,36.29,100.69,-6.59,35.01,48.71,49.4,11.94,84.84,135.6,38.65,14.45,42,12.7,39.13,-4.3,9.27,-1.2,32.77,-4.86,1.93,50.76,16.53,17.34,20.3,0.7,68.97,84.05,64.57,100.2,67.8
subregion,Kentucky,Transit stations,2.96,2.78,0.11,3.45,1.81,2.71,10.3,5.83,-2.6,3.74,3.34,2.14,3.46,13.34,12.97,-0.73,6.16,5.61,4.82,2.21,15.06,11.4,1.61,1.37,2.87,-0.56,-0.5,-1.3,-3.24,-9.3,-6.12,-10.91,-16.23,-19.44,-16.21,-27.51,-25.55,-24.84,-23.37,-26.71,-32.49,-27.85,-34.09
subregion,Kentucky,Workplace,0.09,-12.2,1.51,1.87,1.32,2.21,4.67,1.71,2.14,2.52,1.61,-1.04,1.58,3.17,2.58,2.11,2.75,2.2,2.01,0.97,3.87,0.85,1.35,0.09,-0.01,-1.63,-3.68,-2.07,-7.72,-13.89,-19.36,-23.21,-26.14,-28.58,-21.59,-28.98,-33.97,-38.28,-39.64,-41.12,-42.33,-29.04,-34
subregion,Kentucky,Residential,-0.4,3.83,0.87,-0.23,0.15,-0.01,-1.8,-0.62,2.07,-0.24,-0.18,0.26,-0.93,-2.36,-2.5,1.09,-1.45,-1.31,-1.54,0.23,-2.39,-1.78,0.43,0.66,-0.27,1.29,1.59,3.48,3.21,6.67,7.75,10.06,11.48,13.25,9.25,8.51,14.12,15.88,14.97,14.93,17.67,9.25,8.53
subregion,Louisiana,Retail & recreation,4.63,2.28,3.26,4.08,0.28,7.54,8.85,16.5,16.4,15.86,19.3,13.89,10.76,11.65,15.89,11.8,16.4,6.81,12.38,8.31,10.99,15.24,8.49,10.79,13.6,11.07,5.39,-3.68,-5.3,-3.38,-18.29,-20.49,-24.91,-32.04,-41.5,-40,-35.25,-42.67,-38.93,-39.2,-41.75,-47.19,-44.51
subregion,Louisiana,Grocery & pharmacy,3.24,0.26,2.25,0.19,-1.31,5.36,8.64,11.19,7.92,6.74,9.76,7.71,8.19,8.43,12.5,7.19,15.38,3.68,10.67,6.7,8.13,13.18,6.98,11.58,14.05,24.74,35.77,21.12,16.27,24.16,18.32,11.81,14.95,7.73,-2.07,-1.01,-4.63,-13.95,-13.5,-11.51,-12.66,-15.7,-16.46
subregion,Louisiana,Parks,-2.74,14.22,12.81,16.1,-23.74,12.77,26.53,42.35,36.86,45.75,25.3,16.57,22.4,31.84,31.18,19.86,18.26,-0.71,14.86,29.86,32.32,62.23,26.51,19.82,54.25,35.41,21.67,9.3,22.55,7.75,-2.53,11.14,-1.79,-16.08,-38.17,-20.36,-20.88,-18.76,-6.46,-14.47,-19.53,-37.64,-18.37
subregion,Louisiana,Transit stations,7.57,3.52,2.75,11.32,1.26,15.8,41.27,32.72,13.71,23.69,18.38,12.62,9.94,12.52,14.6,8.25,5.5,4.59,8.17,8.88,13.16,15.99,8.22,4.97,9.71,5.48,0.3,-0.63,-0.42,-6.72,-16.79,-17.31,-24.29,-32.72,-35.53,-40.41,-38.55,-36.3,-34.86,-38.52,-44.31,-45.91,-48.64
subregion,Louisiana,Workplace,-0.54,-3.29,1.11,0.74,-1.39,-0.53,-0.15,1.33,-14.66,-36.89,-8.23,-3.48,-2.42,3.14,3.17,4.91,2.85,0.7,2.42,2.73,3.2,2.4,3.25,1.45,1.24,0.43,-0.73,-0.56,-3.59,-11.17,-19.69,-23.53,-25.88,-29.06,-23.78,-28.49,-33.86,-41.69,-42.52,-43.04,-43.4,-32.86,-34.81
subregion,Louisiana,Residential,0.41,2.03,0.26,-0.22,2.72,0.24,-1.56,-2.31,3.21,5.32,0.03,0.05,-0.35,-2.15,-1.78,-1.35,-1.68,0.53,-1.19,-1.19,-1.56,-1.67,-0.23,-0.36,-1.75,-0.84,0.35,1.72,1.86,4.64,8.57,9.15,11.19,15.03,11.92,9.72,14.93,17.75,16.8,17.98,20.06,13.89,11.19
subregion,Maine,Retail & recreation,14.24,14.95,-9.38,6.49,8.09,2.61,6.09,13.78,5.83,4.36,11.97,-10.02,8.34,10.3,18.81,7,20.06,7.7,9.24,5.3,9.27,17.99,8.44,5.35,9.82,9.15,-4.14,-0.61,0.2,-7.07,-24.3,-25.08,-35.18,-37.96,-41.28,-38.23,-37.35,-42.56,-39.67,-40.45,-44.27,-46.27,-49.69
subregion,Maine,Grocery & pharmacy,8.13,4.75,-7.15,-1.15,1.6,-3.57,-3.25,10.15,3.82,0.23,8.59,-11.39,0.99,-0.7,11.53,4.99,9.96,2.94,6.73,-0.44,-0.93,11.38,6.94,3.83,11.24,28.01,17.27,19.1,26.11,24.44,7.2,8.52,0.23,-3.95,-8.57,-7.8,-9.17,-17.25,-10.05,-9.65,-16.09,-17.25,-22.03
subregion,Maine,Parks,47.4,31.84,-8.49,5.03,4.99,-2.38,23.08,54.56,21.72,11.21,8.11,-15.88,2.36,0.78,19.01,5.95,54.83,0.27,25.87,5.7,-1.18,57.52,49.99,21.2,23.52,17.64,-18.77,18.2,39.25,13.98,-18.79,42.85,-8.54,-0.72,36.39,51.84,-6.56,-1.52,13.16,45.87,17.57,41.47,-23.71
subregion,Maine,Transit stations,16.67,12.18,4.17,12.73,8.18,4.48,10.38,33.33,8.13,6.41,12.11,-9.39,9.49,15.22,26.5,9.06,11.85,7.77,8.18,5.01,9.34,32.05,7.81,6.41,5.28,3.63,-9.24,-5.88,0.43,-11.25,-17.95,-18.32,-30.31,-35.62,-36.68,-34.61,-37.81,-40.39,-41.61,-41.82,-50.92,-48.45,-56.41
subregion,Maine,Workplace,3,-32.63,-12.82,-12.04,-9,-11.11,-0.6,6.05,2.87,2.8,2.1,-5.43,2.08,0.5,6.38,2.8,2.42,1.4,3.91,1.66,1.11,6.97,1.98,1.51,1.06,2.65,-3.27,-0.6,2.01,-14.2,-23.17,-28.22,-31.16,-34.46,-24.07,-24.48,-36.42,-42.44,-40.51,-40.74,-42.34,-31.16,-31.38
subregion,Maine,Residential,-1.66,6.07,4.69,2,1.74,3.09,-0.63,-2.13,-0.26,-0.03,-0.83,5.16,-0.15,-0.97,-2.02,-0.12,-1.58,0.33,-0.58,0.38,-0.09,-1.88,-0.17,0.59,-0.02,0.09,4.2,2.35,1.54,6.1,11,11.33,14.42,16.78,10.28,7.5,14.59,17.77,16.79,16.88,19.42,11.33,10.38
subregion,Maryland,Retail & recreation,5.48,7.71,2,1.62,0.75,-0.56,4.75,6.11,0.58,0.83,2.93,2.85,2.42,4.81,8.37,3.9,7.47,7.22,5.83,0.57,5.51,7.22,5.59,4.9,4.04,8.01,1.16,-7.26,-13.21,-6.79,-19.72,-23.19,-24.21,-27.01,-36.06,-39.52,-35.47,-37.72,-43.51,-36.03,-38.72,-48.14,-44.63
subregion,Maryland,Grocery & pharmacy,-0.18,-0.59,0.16,-0.01,-0.24,-3.17,3.36,3.99,-1.22,-2.63,0.71,-0.37,0.29,2.72,5.56,2.1,5.55,4.78,4.33,-0.26,6.26,6.32,5.12,4.72,6.09,19.36,19.2,10.55,1.56,16.15,4.22,0.46,1.29,1.35,-4.35,-14.77,-15.23,-16.73,-24.76,-15.96,-19.13,-26.19,-24.8
subregion,Maryland,Parks,19.96,39.5,20.97,7.15,-5.61,-4,52.43,75.41,10.49,-5.99,-1.61,-4,3.73,-2.69,31.35,20.77,23.53,48.48,28.68,2.62,33.7,100.12,83.64,37.44,27.22,32.96,39.22,66.35,20.37,11.84,52.2,39.36,42.12,54.02,33.82,33.45,-45.44,30.84,-43.16,52.62,41.11,-28.4,28.71
subregion,Maryland,Transit stations,-0.88,-18.48,3.73,1.13,-0.2,-1.25,6.44,6.06,-0.59,-0.84,0.83,-0.52,1,0.08,1.86,-0.55,1.24,2.91,1.02,-2.88,3.82,5.3,-0.76,-1.71,-2.28,-6.81,-13.27,-10.96,-19.36,-27.87,-32.56,-37.02,-41.36,-42.04,-37.61,-45.23,-56.19,-51.29,-57.87,-51.58,-51.35,-52.65,-50.98
subregion,Maryland,Workplace,0.26,-33.28,2.43,1.98,1.76,2.72,4.48,2.74,4.19,2.65,2.27,1.93,2.96,3.59,3.22,4.37,3.8,2.77,2.63,2.28,4.06,2.04,3.05,1.96,0.94,-1.23,-4.13,-2.07,-10.88,-24.32,-32.47,-36.95,-39.33,-39.49,-25.36,-33.07,-45.99,-48.91,-51.77,-50.55,-48.81,-36.32,-38.9
subregion,Maryland,Residential,-0.81,7.96,-0.29,-0.28,-0.06,0.47,-1.53,-0.98,0.1,0.5,-0.46,-0.27,-0.32,-1.41,-0.97,-0.34,-0.84,-1.17,-1.09,0.87,-1.37,-0.82,-0.36,0.1,0.21,0.52,3.07,2.88,5.2,10.19,13.54,15.61,17.13,18.22,11.68,11.47,21.52,21.07,24.42,21.89,23.05,16.05,13.23
subregion,Massachusetts,Retail & recreation,6.34,11.12,-3.87,3.06,3.12,0.05,5.46,8.52,4.39,1.73,4.78,3.86,5.18,9.03,9.96,6.53,11.12,4.41,7.16,2.31,6.82,8.96,9.79,4.66,5.43,5.24,-5.4,-10.72,-14.83,-12.27,-31.76,-30.56,-38.95,-34.2,-42.4,-46.43,-40.42,-48.77,-52.12,-47.35,-47.79,-52.25,-59.37
subregion,Massachusetts,Grocery & pharmacy,-4.42,-1.55,-9.95,-3.18,-1.8,-5.82,-2.07,1.12,0,-3.09,-0.2,0.18,1.48,0.49,4.01,4.52,6.39,2.74,7.36,1.67,2.76,4.66,6.93,7.38,13.39,31.94,30.09,16.4,5.36,15.57,-0.51,0.95,-3.32,11.18,-4.58,-18.64,-11.73,-20.63,-24.93,-16.66,-18.65,-23.21,-36.45
subregion,Massachusetts,Parks,2.53,32.19,-18.47,3.27,-1.42,-9.25,49.15,66.36,50.93,11.5,2.75,-1.15,-2.32,25.68,-1.45,21.44,48.79,5.17,29.77,1.19,24.16,47.31,101.71,32.78,25.33,13.63,-15.58,60.72,43.25,7.81,-18.96,53.16,-35.77,19.53,71.26,21.84,-32.95,-1.91,-20.96,42.44,45.9,57.13,-56.31
subregion,Massachusetts,Transit stations,-0.96,-25.53,-4.38,-2.33,-2.28,-3.46,5.4,5.86,1.49,1.62,4.54,4.86,6.93,11.26,10.56,1.71,4.38,-0.48,0.84,-0.61,0.24,0.05,-2.92,-7.2,-9.98,-17.32,-26.03,-18.55,-25.62,-41.37,-50.36,-50.44,-59.35,-55.72,-50.37,-59.18,-66.3,-67.59,-69.77,-68.18,-66.92,-62.68,-72.89
subregion,Massachusetts,Workplace,0.05,-42.19,-10.21,-9.98,-8.48,-9.38,1.34,2.93,3.69,3.05,2.16,2.57,3,1.72,3.48,3.48,0.92,1.67,3.76,2.7,1.4,1.96,0.84,-0.21,-2.54,-4.51,-13.92,-4.44,-8.27,-29.63,-39.2,-41.85,-44.29,-43.82,-29.74,-32.87,-49.79,-54.92,-57.38,-56.46,-55.47,-40.75,-42.25
subregion,Massachusetts,Residential,-0.44,9.09,3.17,1.86,2.07,2.84,-1.22,-1.05,-0.76,-0.22,-0.29,0.3,-0.36,-1.42,-0.52,-0.49,-0.96,-0.08,-0.68,0.52,-0.56,-0.27,-0.46,0.61,1.23,2.7,7.49,3.85,5.08,11.65,17.41,17.09,21.05,20.42,12.13,11.91,21.16,24.12,25.58,24.72,25.58,15.31,15.64
subregion,Michigan,Retail & recreation,8.72,0.74,-1.73,1.74,2.11,-1.34,9.37,11.81,1.08,3.58,-7.61,1.27,2.21,12.72,17.04,9.2,11.5,11.09,10.21,1.67,14.29,16.8,5.77,10.7,7.44,7.23,-5.35,-12.93,-10.92,-16.78,-29.28,-33.24,-34.5,-40.68,-45.87,-47.09,-33.76,-59.48,-53.45,-55.98,-57.63,-63.3,-58.37
subregion,Michigan,Grocery & pharmacy,4.15,-1.71,-3.9,0.46,-1.31,-4.84,3.8,6.35,0.31,2.75,-8.98,-3.41,-2.04,6.09,10.29,3.8,6.84,5.33,4.3,-4.96,7.99,10.59,3.59,5.14,13.83,27.62,28.57,13.32,9.51,24.39,10.12,4.48,8.68,1.6,-5.1,-15.01,12.07,-28.65,-21.8,-24.63,-25.53,-29.45,-28.41
subregion,Michigan,Parks,44.72,1.1,-3.64,3.84,2.32,3.95,56.39,90.26,14.31,1.83,-12.29,-7.18,-2.02,23.38,57.07,27.78,14.15,22.06,20.31,0.3,61.36,154.66,30.74,48.11,14.22,27.67,8.45,15.51,86.96,12.69,44.75,9.5,9.23,-1.57,32.66,47.94,-0.58,2.75,66.29,11.52,21.65,-22.13,14.92
subregion,Michigan,Transit stations,4.25,-1.81,2.41,3.81,4.9,8.97,16.68,18.47,5.92,4.98,0.56,6.87,14.74,27.73,22.69,5.22,8.24,8.53,8.64,6.58,13.98,14.13,3.26,4.96,3.81,1.6,-3.09,-5.41,-8.15,-16.8,-19.06,-23.79,-30.15,-32.23,-32.42,-40.56,-39.98,-50,-46.5,-50.96,-52.04,-55.7,-55.45
subregion,Michigan,Workplace,3.43,-13.42,-5.55,-0.38,0.05,0.22,7.8,5.67,2.46,1.78,-10.8,-8.25,0.15,6.07,5.27,1.93,1.38,1.17,1.46,0.4,7.77,4.92,1.78,-1.26,0.83,-0.51,-6.95,2.02,-4.28,-20.74,-27.65,-31.04,-33.62,-37.05,-25.67,-31.06,-43.05,-57.24,-57.81,-58.56,-58.15,-43.75,-43.26
subregion,Michigan,Residential,-1.41,3.57,2.2,0.26,0.36,0.88,-1.75,-1.98,0.05,-0.09,4.87,3.49,0.32,-2.07,-2.13,-0.55,-0.78,-0.81,-0.65,0.81,-2.23,-2.46,-0.16,-0.19,-0.17,0.52,4.26,3.59,2.56,8.61,11.24,13.3,14.85,18.12,11.28,8.93,16.63,24.53,23.48,25.1,27.17,17.21,12.5
subregion,Minnesota,Retail & recreation,8.87,3.56,-2.12,-0.23,-2.13,2.11,5.15,11.09,3.52,5.1,6.41,2.63,4.67,7.52,14.68,5.56,9.95,7.39,1.19,6.11,7.32,13.48,4.05,5.65,7.11,2.94,1.63,-6.75,-5.16,-5.45,-18.2,-33.54,-41.2,-37.92,-48.89,-48,-38.79,-41.11,-37.4,-36.79,-39.79,-64.69,-57.89
subregion,Minnesota,Grocery & pharmacy,2.16,-1.43,-1.06,-1.9,-1.69,2.53,4.76,7.71,3.04,1.59,2.28,1.28,3.02,6.46,10.52,3.76,7.35,4.91,0.62,5.69,9.01,11.58,2.99,4.24,6.72,14.25,19.99,14.76,19.08,20.17,15.16,1.53,-5.85,4,-9.29,-18.59,-11.24,-14.43,-7.72,-5.42,-8.15,-38.4,-35.07
subregion,Minnesota,Parks,11.03,4.57,-8.84,-13.19,-14.24,6.2,26.49,44.1,4.64,3.02,-0.51,-4.61,0.31,5.4,40.33,-0.73,20.06,5.41,-14.66,5.99,21,92.87,-1.32,6.31,10.78,-9.82,-2.31,-13.95,30.62,-13.37,32.69,6.68,-31.14,-2.72,-5.23,17.62,35.29,21.86,-11.49,55.33,54.85,-44.06,-16.41
subregion,Minnesota,Transit stations,-3.05,-6.12,6.1,2.83,0.24,7.75,4.65,6.33,4.71,6.1,5.91,3.91,7.62,5.67,6.43,1.82,2.95,4.19,-0.72,2.74,6.51,7.42,-4.76,-1.44,-1.76,-7.85,-7.34,-10.05,-15.28,-26.84,-26.5,-35.2,-45.39,-42.72,-42.54,-50.32,-51.8,-49.89,-52.71,-51.52,-51,-63.5,-64.28
subregion,Minnesota,Workplace,1.03,-22.47,-1.35,1.2,1.28,2.47,3.25,3.49,2.94,1.81,2.24,1.65,2.37,4.52,4.5,2.83,0.89,2.01,1.22,-0.56,3.03,1.9,-1.89,-2.02,-2.62,-4.16,-6.02,-0.9,-3.99,-15.6,-24.1,-31.6,-35.21,-36.3,-25.35,-30.23,-39.24,-42.15,-43.32,-43.34,-43.56,-36.73,-38.27
subregion,Minnesota,Residential,-1.49,5.3,0.83,0.33,0.58,-0.46,-1.1,-1.98,-0.58,-0.13,-0.79,-0.16,-0.72,-1.18,-2.08,-0.48,-0.42,-0.59,0.46,0,,-1.9,0.84,0.72,0.56,2.12,2.99,3.84,2.8,7.51,11.11,15.14,18.39,19.06,14.09,11.05,17.26,19.64,20.35,19.77,21,19.32,14.24
subregion,Mississippi,Retail & recreation,2.72,2.26,-1.79,2.61,-4.58,1.36,5.84,3.64,1.98,9.9,21.76,17.95,15.33,19.89,23.36,16.53,21.9,12.25,15.61,10.01,13.94,16.14,11.99,15.92,15.39,14.34,5.06,3.19,1.65,3.87,-2.68,-5.31,-12.87,-22.55,-29.64,-35.85,-26.18,-27.97,-24.26,-25.77,-29.42,-33.99,-32.12
subregion,Mississippi,Grocery & pharmacy,0.74,1.9,0.27,1.27,-4.34,-0.46,4.65,1.62,0.47,3.21,7.99,7.05,8.22,11.68,13.83,8.99,15.82,4.18,9.68,5.11,10.13,9.49,7.7,10.8,9.7,23.86,20.83,21.46,17.11,25.44,20.79,17.2,17.61,9.92,8.07,-6.78,-0.46,-4.37,-4.56,-5.59,-8.95,-9.01,-6.62
subregion,Mississippi,Parks,-11.51,-0.69,-2.33,-1.99,-19.73,2.22,19.53,11.5,-9.09,24.32,8.83,18.21,18.36,41.79,34.97,10.12,21.11,-5.94,20.91,23.55,41,45.14,24.01,38.63,35.85,44.85,23.11,41,32.43,24.18,33.63,32.43,26.14,-0.3,-0.91,-5.53,4.12,9.3,25.58,30.86,21.18,14.18,26.75
subregion,Mississippi,Transit stations,3.57,0.67,0.08,2.15,-0.41,8.88,12.34,12,1.95,9.62,15.39,11.49,10.21,16.86,24,4.67,8.03,4.21,10.13,11.32,22.81,21.72,7.64,7.86,11.66,12.46,8.51,9.84,9.62,3.91,1.92,0.16,-2.98,-12.45,-14.93,-21.24,-18.63,-12.99,-13.5,-16.58,-23.49,-24.61,-28.68
subregion,Mississippi,Workplace,-0.91,-14.97,0.51,0.41,-1.13,0.26,2.07,1.25,-2.04,-3.86,-0.53,1.69,0.73,3.37,3.91,2.85,2.45,-0.69,2.18,0.24,2.66,2.33,-8.71,-9.19,-9.39,-10.08,-11.99,0.23,-4.46,-13.6,-17.94,-20.71,-22.31,-26.26,-18.28,-26.88,-29.32,-32.28,-33.65,-33.56,-34.64,-24.86,-29.75
subregion,Mississippi,Residential,0.55,4.01,1.04,0.3,2.74,-0.16,-1.01,-0.38,2.07,0.28,-1.29,-1.53,-2.77,-3.68,-2.45,-1.19,-1.87,0.82,-1,-1.99,-2.76,-2.28,0.88,0.28,0.11,0.16,1.37,-0.6,0.87,3.82,5.96,6.99,8.55,12.14,8.72,9.29,12.34,13.52,12.67,13.4,14.41,9.38,8.84
subregion,Missouri,Retail & recreation,13.14,4.46,0.37,8.51,0.72,9.67,7.03,11.75,-2.13,1.85,13.3,8.31,17.27,14.56,21.24,9.04,13.67,18.26,9.93,15.97,12.06,19.67,2.98,11.42,18.78,7.55,12.28,-6.11,-1.55,-2.17,-10.5,-11.96,-24.57,-23.52,-36.57,-39.67,-33.14,-43.55,-32.78,-38.56,-36.84,-45.66,-38.01
subregion,Missouri,Grocery & pharmacy,7.26,1.82,-1.54,0.81,-0.4,-1.73,9.66,8.32,0.13,0.31,2.46,3.91,3.81,12.37,15.32,7.7,12.29,9.55,8.26,2.87,13.56,16.44,4.69,10.74,13.39,23.51,24.23,17.58,17.25,30.27,22.47,19.71,13.28,13.29,11.14,-1.08,1.65,-13.69,-6.43,-10.4,-13.41,-12.27,-12.16
subregion,Missouri,Parks,45.1,7.54,11.37,-2.26,0.7,23.27,62.6,53.74,-15.39,1.51,-14.44,9.98,36.7,84.34,95.17,19.02,66.1,28.21,50.38,66.84,114.17,119.05,-7.55,46.21,49.83,25.93,36.63,-16.28,-8.03,-11.2,27.83,2.41,9.03,8.56,27.15,-41.29,1.73,-15.96,46.77,72.8,50.11,31.95,72.9
subregion,Missouri,Transit stations,2.55,-2.45,1.82,7.03,2.89,8.84,8.17,6.47,-3.16,-0.95,7.64,4.83,12.67,10.71,10.62,0.96,4.68,10.54,6.26,13.27,13.31,13.7,-4.04,1.28,10.41,1.42,6.42,-3.44,-4.69,-12.54,-10.72,-10.41,-19.06,-17.68,-16.87,-30.25,-30.84,-32.65,-24.47,-30.02,-29.6,-32.02,-34.23
subregion,Missouri,Workplace,3.11,-19.66,1.52,4.75,3.16,18.01,6.39,4.56,3.01,2.02,3.6,3.88,17.79,6.4,5.4,4.36,3.12,5.69,4.2,17.57,7.4,4.92,1.14,0.27,3.54,0.61,9.5,0.82,-2.42,-13.5,-19.42,-24.09,-28.71,-21.71,-16.89,-26.16,-35.42,-42.31,-41.2,-42.96,-35.55,-28.31,-31.81
subregion,Missouri,Residential,-1.25,5.23,-0.05,-2.47,0.08,-1.72,-1.98,-1.1,1.36,0.32,-2.02,-0.71,-2.89,-3.52,-2.72,-0.55,-1.84,-3.64,-1.42,-2.83,-3.11,-2.49,1.54,-0.68,-3.16,0.34,-0.23,2.56,2.02,5.72,7,7.84,12.58,12.51,8.6,9.33,14.47,18.39,14.12,17.35,17.72,12,9.07
subregion,Montana,Retail & recreation,8.84,6.12,-1.81,1.39,6,3.95,8.16,9.77,0.69,3.97,9.41,12.19,10.59,13.54,17.68,9,10.38,7.71,11.53,8.92,11.44,11.2,7.95,7.99,6.12,9.94,-0.05,-15.08,-13.97,-2.27,-19.24,-27.17,-29.19,-32.9,-41.1,-39.24,-31.58,-35.13,-37,-32.51,-34.89,-58.5,-51.18
subregion,Montana,Grocery & pharmacy,2.43,0.5,-0.84,0.74,1.13,1.4,5.92,4.72,-0.26,0.88,3.37,3.08,5.62,7.83,10.2,5.36,8.71,7.25,10.67,7.28,8.1,7.19,6.84,7.07,8.98,15.61,20.12,12.88,10.07,28.65,15.99,5.27,1.58,6.25,1.33,-7.02,-5.45,-6.03,-8.9,2.18,7.73,-24.88,-24.96
subregion,Montana,Parks,-0.65,9.88,-2.45,3.48,4.26,3.37,5.38,-5.89,-8.95,9.78,-1.17,8.24,19.75,-3.66,-0.65,-0.62,12.53,0.57,18.74,29.88,6.73,-8.07,12.35,19.26,7.24,10.79,-16.15,-43.84,-31.16,9.56,27.52,9.85,2.26,19.51,33.65,38.12,30.86,12.84,8.11,20.73,8.43,-1.54,28.32
subregion,Montana,Transit stations,8.38,-1.58,0.95,2.98,5.47,3.58,4.68,8.38,3.13,5.74,5.03,7.66,7.84,12.13,14.05,5.88,11.3,6.52,8.75,8.18,10.75,12.01,7.44,6.31,5.96,7.66,1.02,-5.09,-0.01,1.56,-0.2,-11.02,-13.7,-15.53,-13.31,-19.51,-24.33,-22.23,-24.44,-25.73,-29.19,-36.8,-36.96
subregion,Montana,Workplace,0.12,-23.86,1.57,1.82,1.57,1.86,0.7,3,3.12,1.65,1.86,1.39,0.9,1.26,4.6,3.85,1.44,1.62,2.05,1.88,1.15,2,3.03,0.91,1.01,-0.2,-3.43,-6.12,-5.56,-15.51,-22.41,-25.75,-27.83,-29.1,-26.04,-29.26,-30.55,-34.47,-35.51,-35.56,-35.75,-35.84,-36.95
subregion,Montana,Residential,0.09,5.06,0.32,0.01,-0.62,-0.54,-1.29,-0.17,0.11,-0.29,-0.67,-0.97,-1.4,-1.6,-1.19,-0.84,-0.66,-0.02,-1.26,-1.13,-1.22,-0.06,-0.81,-0.7,-0.36,-0.58,1.75,4.48,3.81,4.65,7.4,9.88,11.3,12.45,8.05,6.89,10.65,13.39,14.12,13.72,14.81,12.73,9.57
subregion,Nebraska,Retail & recreation,11.03,6.55,4.65,-5.62,0.76,7.91,11.29,11.28,4.19,1.97,9.65,6.27,11.71,14.12,17.21,8.73,10.47,11.59,7.81,11,11.23,13.41,1.92,4.62,8.98,8.03,2.88,-17.01,-11.86,-4.69,-16.82,-22.46,-33.25,-33.29,-38.36,-40.04,-30.34,-31.6,-29.56,-34.19,-34.33,-44.14,-34.42
subregion,Nebraska,Grocery & pharmacy,7.81,0.99,2.05,-3.1,-1,2.72,6.04,6.32,5.69,-3.27,5.8,1.84,8.87,11.14,12.59,8.4,9.57,11.19,6.25,8.66,12.32,13.14,4.8,6.38,14.04,23.05,32.28,4.98,10.12,28.88,16.61,13.66,0.07,3.91,-0.15,-10.66,-4.04,-7.8,-4.76,-9.56,-5.86,-13.23,-8.89
subregion,Nebraska,Parks,44.32,13.13,23.49,-6.35,3.68,20.77,72.51,43.27,24.32,10.06,15.09,13.84,33.2,85.58,55.84,28.21,55.14,58.41,22.51,50.87,84.42,90.22,-1.22,28.77,64.54,33.54,16.11,-24.84,-19.9,8.27,29.49,17.06,-14.94,-14.96,15.06,-3.67,28.7,69.05,77.45,37.44,16.88,-17.72,108.72
subregion,Nebraska,Transit stations,-0.11,1.32,5.65,-2.24,3.21,6.81,7.97,7.38,3.78,0.09,6.27,7.39,10.61,10.36,9.47,2.65,1.39,7.51,7.58,14.23,13.39,14.57,-0.85,4.08,8.41,7.58,1.6,-9.9,-4.99,-4.26,-1.3,-7.69,-21.66,-17.84,-8.61,-21.23,-17.35,-14.19,-12.89,-15.06,-18.61,-23.83,-18.01
subregion,Nebraska,Workplace,4.01,-14.39,1.6,0.84,0.61,1.89,0.38,5.1,2.7,1.26,2.26,2.14,3.77,2.16,6.32,3.31,2.19,2.41,0.81,1.04,-0.21,2.7,-4.14,-4.32,-4.27,-6.75,-11.04,-5.99,-2.39,-14.48,-20.38,-23.88,-27.87,-28.78,-14.32,-21.6,-30.64,-33.21,-34.08,-34.82,-33.95,-21.09,-24.24
subregion,Nebraska,Residential,-1.29,4.08,-0.42,1.15,0.67,-1.46,-1.76,-1.32,-0.44,0.75,-1.33,-0.44,-2.64,-2.7,-2.12,-1.14,-1.23,-2.01,-0.53,-2.17,-1.91,-2,2.14,1.48,-0.09,1.59,3.42,6.51,3.81,6.51,9.51,11.13,15.39,15.74,10.78,9.23,13.47,15.07,14.41,16.44,17,13.42,8.08
subregion,Nevada,Retail & recreation,6.21,4.89,2.11,0.93,3.5,2.4,-0.34,4.87,3.34,4.87,8.73,7.94,5.73,6.91,6.56,6.12,8.51,6.6,6,2.57,1.7,3.82,4.28,1.82,5.12,2.28,1.01,-5.58,-6.28,-4.52,-11.51,-26.64,-35.55,-37.55,-46.18,-46.37,-41.03,-39.77,-40.9,-41.6,-42.86,-47.04,-46.72
subregion,Nevada,Grocery & pharmacy,3.46,0.33,1.36,1.23,0.77,1.87,-2.89,4.31,2.62,2.69,6.14,5.09,3.82,6.06,3.78,6.84,11.17,9.38,10.04,7.22,4.88,6.75,7.84,6.63,10.76,12.98,23.73,22.33,21.21,27.78,21.15,11.88,-1.52,-3.19,-12.54,-18.96,-15.86,-14.28,-14.62,-16.06,-16.8,-19.2,-23.06
subregion,Nevada,Parks,35.87,30.98,6.15,11.41,7.61,13.47,-12.48,26.89,13.67,6.46,12.42,11.6,11.75,4.09,2.51,0.89,9.12,13.91,13.42,14.15,0.03,21.56,15.18,-4.52,10.9,-3.27,-7.72,-19.29,-1.52,-14.07,-25.26,-36.41,-39.03,-42.21,-41,-23.68,-36.76,-35.95,-41.75,-42.62,-43.56,-49.5,-37.53
subregion,Nevada,Transit stations,0.83,-2.1,4.24,7.52,3.58,1.62,-1.51,5.06,3.69,2.03,5.67,4.52,2.45,3.98,0.47,-1.44,-0.69,3.61,0.56,-1.91,-0.16,0.45,-0.48,-6.34,-0.79,-8.34,-11.08,-9.3,-16.75,-19.21,-22.77,-28.87,-44.55,-49.47,-47.99,-56.91,-54.18,-50.81,-50.64,-55.55,-57.27,-54.35,-61.79
subregion,Nevada,Workplace,-0.48,-28.36,0.7,1.12,0.64,1.35,-2.34,-0.34,2.55,-2.08,1.52,1.12,1.6,-0.22,-1.1,2.64,1.62,1.45,1.18,1.8,-0.27,0.22,-6.98,-0.84,-0.38,-1.49,-3.7,-5.34,-7.41,-20.47,-26,-35.62,-42.88,-44.79,-46.14,-48.53,-47.59,-49.9,-50.51,-51.46,-51.56,-50.13,-52.11
subregion,Nevada,Residential,-0.59,5.77,-0.08,0.12,-0.32,-0.2,1,-0.56,-0.29,0.59,-1.17,-0.95,-0.93,-1.09,-0.07,-0.31,-0.88,-0.76,-0.79,-0.34,-0.16,-0.23,1.34,1.05,0.52,1.1,2.61,3.15,3.19,6.93,9.38,14.26,17.28,19.49,15.1,12.84,18.33,19.31,20.02,20.5,22.2,16.23,14.12
subregion,New Hampshire,Retail & recreation,10.03,20.62,-11.55,6.78,6.63,1.47,3.65,6.31,5.48,3.86,8.02,0.76,2.35,4.33,9.74,6.06,8.49,5.29,6.3,0.59,6.5,9.37,9.27,7.5,7.17,7.23,-1.49,-4.96,-6.23,-1.25,-21.99,-22.62,-33.31,-32.76,-39.44,-41.1,-37.63,-42.15,-38.43,-34.31,-37.17,-50.81,-57.69
subregion,New Hampshire,Grocery & pharmacy,0.29,7.69,-10.95,1.6,1.88,-2.71,-2.56,-1.69,-1.63,-2.68,0.93,-6.6,-2.31,-1.89,3.33,2.87,6.18,1.7,6.53,-0.88,1.53,3.36,5.71,5.87,9.41,29.69,31.12,19.73,10.2,27.52,17.06,14.72,6.1,12.63,-2.47,-14.62,-9.79,-16.5,-8.92,-2.16,-5.58,-22.34,-35.15
subregion,New Hampshire,Parks,21.41,54.87,-5.54,9.79,15.69,8.69,39.23,40.26,57.9,14.33,-1.19,-6.1,5.47,8.29,-10.02,11.44,42.67,-4.16,25.32,2.72,14.89,44.59,97.29,30.93,13.34,11.85,-22.64,23.39,23.96,21.88,-11.73,60.52,-23.72,10.94,37.17,32.02,-17.85,-7.17,-5.35,59.6,43.52,24.51,-63.46
subregion,New Hampshire,Transit stations,11.29,13.31,11.77,14.69,17.03,12.34,27.04,27.82,13.31,10.46,5.62,4.64,3.77,13.17,22.99,9.29,16.01,6.87,8.36,3.02,9.25,19.76,6.81,5.23,4.38,2.47,-12.59,-4.27,-7.26,-11.46,-13.73,-17.19,-30.03,-37.03,-30.96,-37.9,-38.08,-35.95,-36.24,-36.22,-46.85,-49.11,-63.3
subregion,New Hampshire,Workplace,3.59,-21.37,-1.12,0.18,2.59,0.93,3.36,3.96,-9.48,-9.53,-9.7,-10.95,-10.37,1.15,3.27,3.25,2.14,1.78,3.98,2.76,4.46,3.27,1.58,-1.19,0.49,0.89,-2.83,-0.24,-3.15,-16.33,-25.16,-29.39,-32.4,-34.34,-24.48,-27.81,-39.4,-45.14,-43.03,-42.53,-42.17,-34.13,-38.13
subregion,New Hampshire,Residential,-0.69,5.26,3.18,0.52,0.12,1.06,-1.35,-1.81,0.73,1.24,1.35,2.98,1.84,-1.56,-1.45,-0.51,-0.64,0.48,-0.48,0.77,-0.87,-1.09,-0.7,0.66,0.61,1.08,4.03,2.42,2.95,7.07,12.48,13.3,17.16,17.91,10.66,9.24,17.34,20.62,20.23,19.43,20.47,13.32,13.29
subregion,New Jersey,Retail & recreation,4.39,14.3,0.62,1.63,0.93,-0.62,7.1,5.95,1.39,-1.07,3.46,2.22,1.96,6.93,7.83,6.11,4.22,7.55,7.01,-2.49,8.87,8.04,8.48,5.1,6.47,4.72,-0.51,-7.26,-14.33,-10.48,-27.39,-30.15,-35.44,-35.37,-42.27,-57.43,-56.21,-45.79,-51.26,-46.14,-48.29,-59.24,-58.65
subregion,New Jersey,Grocery & pharmacy,-3.75,0.69,-0.16,-0.49,-0.58,-2.76,1.47,1.51,0,-2.54,1.15,0.5,1.04,1.93,4.13,5.22,5.83,6.98,9.43,0,8.5,5.55,8.33,10.47,11.61,25.47,26.77,15.98,5.77,18.32,4.48,0.68,-3.04,3.81,-1.16,-30.52,-34.47,-18.48,-26.74,-19.42,-21,-31.74,-33.41
subregion,New Jersey,Parks,20.09,63.02,5.35,16.26,2.11,-2.36,58.76,104.32,45.78,-8.58,0.41,1.61,2.06,9.48,27.94,52.66,9.72,36.27,39.1,-5.97,44.71,116.14,120.63,33.65,48.19,18.54,39.46,86.97,79.46,9.27,9.48,45.7,0.41,51.21,51.39,-2.73,-54.51,31.83,-31.72,51.84,42.22,-47.12,-36.08
subregion,New Jersey,Transit stations,0.05,-15.14,1.79,2.26,1.3,-0.11,5.96,5.15,0.53,-1.01,2.1,2.07,1.93,1.67,3.09,1.4,1.59,,2.7,-2.98,2.46,1.6,-3.71,-6.95,-8.33,-13.71,-19.7,-16.09,-24.18,-34.73,-41.14,-42.57,-49.87,-49.19,-48.28,-60.93,-66.52,-59.98,-64.56,-61.99,-62.6,-67.32,-70.46
subregion,New Jersey,Workplace,-0.14,-35.97,-0.65,0.79,0.46,1.7,4.43,2.27,3.38,2.21,1.84,1.29,2.65,3.62,2.35,3.24,2.57,1.95,1.57,1.55,5.51,1.64,0.8,-1.63,-2.68,-5.02,-9.23,-1.98,-8.44,-25.11,-35.21,-39.38,-43.08,-43.6,-29.97,-38.35,-54.93,-55.41,-56.91,-57.01,-55.78,-43.56,-44.24
subregion,New Jersey,Residential,-0.48,8.32,0.75,0.04,0.43,0.94,-1.39,-0.9,-0.25,0.41,-0.26,0.09,0.07,-1.13,-0.55,-0.52,-0.3,-0.65,-0.61,1.67,-1.08,-0.39,-0.01,0.98,1.23,2.73,5.64,3.56,5.13,11.44,16.27,17.43,20.58,21.18,13.57,14.5,26.27,24.33,26.73,25.62,27.04,19,16.12
subregion,New Mexico,Retail & recreation,10.17,7.62,3.68,1.96,4.22,2.87,1.63,1.76,4.2,4.11,12.2,13.48,11.67,12.42,17.14,12.15,13.63,12.86,12.47,8.25,10.48,8.61,11.99,11.78,12.37,13.36,0.84,-5.12,-7.1,-2.27,-11.07,-15.47,-23.9,-27.9,-37.19,-36.51,-25.52,-38.71,-40.52,-41.35,-42.68,-46.53,-43.51
subregion,New Mexico,Grocery & pharmacy,9.1,5.83,5.74,4.21,4.03,5.58,2.53,1,5.26,2.93,8.72,10.29,13.92,12.94,15.24,12.65,15.45,13.19,13.42,12.27,13.8,9.31,14.91,13.89,20.84,36.73,39.16,24.16,16.31,25.06,21.7,19.19,16.53,14.75,2.52,-2.55,12.34,-7.18,-12.21,-14.75,-12.99,-18.05,-18.1
subregion,New Mexico,Parks,32.72,35.07,15.39,5.14,8.49,-0.4,-9.15,-24.69,9.18,-3.13,6.37,24.2,15.17,26.17,16.9,18.6,11.1,19.79,32.11,20.53,37.34,-3.8,46.89,35.18,29.85,28.16,-13.3,19.98,19.25,35.79,12.84,-6.83,-1.99,-1.69,-9.47,9.67,3.93,4.62,-6.05,-18.05,-27.78,-28.39,-12.21
subregion,New Mexico,Transit stations,6.56,7.35,4.23,2.52,4.62,2.88,-1.25,1.42,4.79,3.98,5.62,10.82,8.81,7.23,11,8.87,7.96,7.08,8.33,8.08,11.79,9.24,10.06,9.42,8.43,9.62,2.65,8.37,6.18,3.53,3.26,-2.08,-5.51,-10.06,-10.33,-15.71,-19.77,-18.88,-23.19,-25.96,-32.68,-29.21,-30.77
subregion,New Mexico,Workplace,1.08,-26.29,2.86,3.19,1.26,4.67,0.41,0.61,3.4,3.05,3.25,1.22,4.78,2.79,4.45,4.1,3.02,3.1,1.86,5.09,3.3,1.74,1.62,1.09,0.59,-4.39,-6.02,-2.07,-4.56,-20.32,-24.97,-28.2,-33.33,-31.37,-23.08,-26.08,-36.17,-42.65,-44.36,-46.59,-43.71,-33.13,-33.66
subregion,New Mexico,Residential,-1.35,4.32,-0.64,-0.25,-0.13,-1.22,0.23,0.79,-1,0.02,-1.35,-1.18,-2.66,-2.54,-1.87,-1.79,-0.79,-0.96,-1.44,-2.42,-2.51,-0.22,-1.61,-0.97,-0.95,0.24,2.84,2.28,2.72,5.38,8.91,10.94,13.44,13.07,10.46,8.3,12.52,16.82,17.75,19.21,19.14,13.63,10.84
subregion,New York,Retail & recreation,6.78,6.96,-2.11,3.23,2.11,-0.58,7.93,8.92,2.98,-0.6,3.98,-1.48,0.81,7.02,9.91,6.14,4.4,7.19,7.67,-1.32,9.98,9.92,7.4,0.71,2.91,0.98,-5.92,-8.7,-13.86,-14.71,-30.99,-32.57,-38.77,-39.7,-45.76,-53.65,-62.13,-53.25,-55.79,-52.23,-53.67,-61.44,-61.7
subregion,New York,Grocery & pharmacy,-3.43,-2.3,-5.14,-1.73,-2.78,-5.5,0.36,1.52,0,-2.37,2.87,-2.48,0,1.36,5.08,5.44,5.72,8.18,8.77,-0.08,7.79,7.14,8.39,6.88,11.17,27.33,27.82,21.36,13.74,24.06,13.32,10.04,1.57,7.75,0.01,-18.67,-36.9,-17.6,-23.25,-17.9,-20.04,-28.47,-31.67
subregion,New York,Parks,13.09,22.72,-4.23,11.23,-0.02,-8.18,29.09,54.13,24.72,-0.71,-0.75,-4.49,-8.72,-5.26,9.09,16.47,5.88,15.67,21.21,-11.27,16.74,60.93,61.99,13.88,20.42,5.81,0.65,20.2,27.66,-10.49,-16.18,6.89,-15.86,-9.09,-0.86,-14.59,-63.89,-16.04,-38.28,0.53,-7.14,-51.56,-46.72
subregion,New York,Transit stations,-0.46,-22.02,-5.47,-2.82,-3.35,-5.93,2.54,3.11,-0.73,-0.78,0.22,-0.37,0.13,-0.56,0.4,-1.07,-0.28,-0.02,0.17,-3.11,0.2,-0.37,-4.15,-6.86,-7.99,-13.05,-19.2,-20.49,-25.43,-36.11,-41.75,-44.22,-49.74,-50.04,-50.03,-59.06,-69.41,-63.26,-65.9,-64.41,-63.99,-67.17,-68.33
subregion,New York,Workplace,-0.24,-37.06,-10.1,-9.06,-8.84,-9.42,3.5,2.51,3.57,3.4,3.21,0.46,2.99,4.38,3.16,4.01,3.83,3,3.75,2.81,5.5,2.22,1.27,-0.91,-1.17,-3.21,-7.9,-1.93,-7.31,-24.97,-31.81,-36.01,-39.82,-42.75,-29.87,-35.94,-56.6,-56.36,-57.32,-57.31,-57.1,-44.89,-45.52
subregion,New York,Residential,-0.53,8.55,3,1.95,2.06,3.14,-0.84,-1.17,-0.42,0.08,-0.39,1.14,0.52,-0.42,-0.67,-0.43,-0.29,-0.4,-0.93,1.14,-0.61,-0.64,-0.05,1.38,1.27,2.17,5.13,3.59,4.28,10.33,14.41,15.55,18.07,20.23,13.17,12.72,25.79,24.53,25.64,24.86,26.7,18.34,15.61
subregion,North Carolina,Retail & recreation,3.01,5.11,0.78,1.54,-10.07,-7.88,3.42,3.03,-1.31,4.93,9.03,10.54,11.5,13.14,14.22,9.97,13.12,8.53,5.61,6.39,9.03,9.2,8.07,6.99,7.89,8.61,4.83,-1.14,-8.15,-3.95,-12.75,-21.69,-23.48,-24.79,-32.41,-38.68,-32.49,-30.93,-28.45,-34.77,-35.04,-40.1,-40.3
subregion,North Carolina,Grocery & pharmacy,-2.84,1.51,-0.44,4.4,4.51,-13.78,-4.19,-3.11,-3.24,-0.32,1.25,3.23,3.89,2.72,4.94,5.65,9.43,4.57,3.61,1.94,3.81,3.57,7.14,6.73,6.99,17.93,23.51,17.21,13.39,20.66,18.8,9.03,9.54,9.67,2.25,-9.72,-4.58,-3.6,-0.87,-6.71,-5.67,-9.73,-15.34
subregion,North Carolina,Parks,-4.84,45.61,13.55,-9.24,-31.15,-12.86,30.43,24.23,-2.85,17.48,11.12,6.49,20.43,25.88,22.05,31.11,23.6,14.3,-3.77,18.83,48.6,40.74,65.03,37.44,51.29,43.53,37.38,56.79,-3.27,21.7,14.34,27.82,42.28,63.44,45.45,-7.01,-16.63,-7.57,4.82,10.86,38.35,37.82,12.88
subregion,North Carolina,Transit stations,-0.56,6.4,5.58,2.71,-7.32,-4.91,3.8,3.72,3.06,3.82,7.09,9.11,13.27,12.97,11.26,7.16,2.7,2.84,1.78,5.7,7.96,7.64,4.43,0.62,1.6,-1.31,-3.92,-4.36,-13.63,-15.03,-18.09,-22.51,-28.07,-29.12,-29.39,-42.16,-41.06,-38.19,-39.01,-43.1,-44.75,-43.53,-51.21
subregion,North Carolina,Workplace,-0.99,-10.64,1.08,1.63,-6.13,-18.79,2.53,2.13,3.46,2.98,2.68,1.78,2.58,1.83,2.18,3.1,1.57,2.08,1.15,2.01,1.95,0.26,0.03,0.71,-0.48,-1.82,-3.29,-0.08,-9.19,-14.76,-19.91,-24.54,-26.51,-28.01,-18.78,-28.67,-33.21,-34.29,-36.2,-38.18,-38.71,-28.72,-35.3
subregion,North Carolina,Residential,-0.15,1.71,0.35,-0.03,6.78,8.73,-0.39,-0.47,0.15,-0.23,-1.52,-1.02,-2.46,-2.22,-1.79,-1.54,-0.5,-0.98,0.47,-1.26,-1.67,-1.28,-0.97,-0.16,-0.86,-0.05,0.05,0.5,3.18,5.34,8.78,9.91,11.18,11.08,7.98,8.89,14.06,14.87,14.57,16.21,15.92,10.48,9.91
subregion,North Dakota,Retail & recreation,8.85,8.59,-1.7,0.19,4.05,4.5,12.29,11.41,1.22,1.06,7.16,7.81,8.43,12.38,12.34,6.07,6.2,6.79,6.44,7.07,14.57,9.83,5.43,5.3,7.72,9.13,3.48,-2.14,-8.47,-4.25,-10.37,-19.38,-29.77,-40.11,-51.89,-48.52,-37.5,-40.63,-39.21,-38.47,-40.06,-47.98,-43.72
subregion,North Dakota,Grocery & pharmacy,-0.07,-2.62,-3.79,-4.28,-1.33,-1.61,4.09,7.43,-2.87,-3.21,-0.06,-0.83,0.33,10.66,8.74,1.4,3.59,1.47,1.46,0.33,7.95,4.01,2.23,6.49,9.9,20.45,19.09,14.71,13.41,25.91,21.06,17.81,11.4,9.96,-3.86,-11.23,-6.32,-9.44,-8.94,-6.84,-6.57,-9.1,-12.98
subregion,North Dakota,Parks,9.88,3.9,-5.33,-4.94,6.7,11.54,30.39,16.67,5.84,-1.78,10.49,9.15,12.63,21.56,-1.23,7.14,13.01,9.25,15.24,21.42,47.05,4.32,14.93,10.05,20.99,4.88,5.49,-13.73,-12.96,-15.59,1.78,-8.02,-20.74,-15.39,-15.2,24.69,18.83,3.55,1.85,18.28,32.41,38.23,72.83
subregion,North Dakota,Transit stations,4.26,0.55,6.15,9.31,5.18,7.25,9.01,11.23,-2.61,3.84,7.02,4.65,8.84,10.64,6.73,1.85,3.46,7.02,4.83,6.18,9.62,8.98,1.29,5.95,12.16,4.29,4.42,-6.15,-7.42,-8.37,-2.31,-7.24,-16.86,-19.48,-29.1,-29.67,-24.17,-17.7,-21.87,-24.21,-24.79,-31.56,-35.96
subregion,North Dakota,Workplace,1.47,-21.2,-1.07,1.18,0.82,4.25,3.74,2.55,3.78,1.99,1.93,1.91,5.48,5.15,4.13,4.42,2.26,2.18,1.71,3.34,4.65,3.25,3.51,1.85,1.5,-0.55,-1.61,1.99,-1.09,-12.63,-15.14,-19.19,-24.06,-24.79,-19.41,-22.69,-27.19,-30.43,-31.41,-31.69,-29.96,-22.16,-23.78
subregion,North Dakota,Residential,-0.87,5.34,1.14,0.5,-0.13,-0.16,-1.78,-1.9,0.19,0.46,-0.86,-0.48,-0.44,-1.91,-0.87,-0.58,-0.2,-0.81,-0.23,0.13,-1.9,-0.94,-0.39,-0.15,-0.77,0.34,2.45,2.92,2.68,6.28,7.38,9.8,13.49,17.14,12.88,8.92,13.42,15.8,15.64,16.29,18.58,12.31,8.97
subregion,Ohio,Retail & recreation,6.29,5.29,0.3,3.02,2.11,1.78,8.62,7.49,1.55,3.87,6.12,1.76,4.4,11.13,16.67,7.33,11.54,11.55,11.18,1.98,12.97,15.27,9.31,5.29,7.92,8.92,-0.7,-12.06,-9.02,-16.09,-25.16,-28.9,-31.82,-34.86,-43.88,-37.55,-32.9,-51.04,-43.16,-41.91,-46.31,-50.3,-42.78
subregion,Ohio,Grocery & pharmacy,1.35,-2.1,-1.18,-0.37,0.1,-2.24,3.81,3.33,-1.35,0.46,1.94,-0.18,0.87,5.32,10.14,3.38,8.04,6.93,7.92,-2.67,7.25,9.37,6.69,5.55,11.45,32.44,21.35,10.68,16.97,25.74,10.78,5.27,8.39,0.44,-7.04,-0.14,-0.79,-25.67,-18.05,-15.38,-19.73,-21.32,-18.79
subregion,Ohio,Parks,25.44,8.96,5.76,14.16,1.71,18.68,67.66,77.36,-0.13,2.36,-2.96,-5.97,7.32,12.98,68.11,-7.41,22.96,29.33,51.28,9.07,67.81,186.81,78.38,13.4,25.38,49.73,46.38,9.03,45.96,16.04,27.15,2.2,13.76,47.49,3.52,62.04,-1.85,10.98,100.57,103.01,26.08,29.27,117.02
subregion,Ohio,Transit stations,0.11,-1.26,3.48,3.43,1.62,6.33,8.18,5.63,1.57,3.51,3.24,2.11,7.1,7.03,10.65,2.24,6.51,6.92,7.9,4.91,12.88,13.65,7.21,2.29,4.23,1.86,1.02,-4.11,-5.87,-8.78,-9.66,-15.4,-18.67,-19.44,-21.71,-25.87,-26.34,-31.2,-27.09,-29.37,-33.25,-34.48,-32.89
subregion,Ohio,Workplace,0.79,-19.19,1.54,1.81,1.89,3.15,3.43,3.07,2.72,1.65,1.02,-3.4,1.04,1.89,3.51,2.49,2.14,1.78,2.4,1.89,3.85,2.46,1.29,0.26,0.02,-0.55,-4.12,-2.86,-6.54,-17.52,-24.79,-28.42,-31.28,-33.62,-24.95,-27.74,-38.68,-47.07,-47.58,-48.06,-47.54,-34.89,-35.08
subregion,Ohio,Residential,-0.82,4.99,0.1,-0.22,0.26,-0.18,-1.67,-1.23,0.61,0.02,0,2.3,0.14,-1.58,-2.02,0.34,-0.91,-0.87,-1.02,0.36,-2.08,-2.27,-0.35,0.49,0.12,0.3,2.48,3.82,2.95,7.49,10.04,12.31,14.03,15.88,11.33,8.22,15.79,20.12,19.27,19.71,22.2,13.97,9.89
subregion,Oklahoma,Retail & recreation,4.69,2.6,-0.05,5.12,1.55,2.52,3.39,0.08,0.17,4.21,14.99,15.32,14.51,13.53,19.2,10.27,17.37,14.01,14.16,9.49,9.92,7.47,6.6,10.19,15.28,15.2,2.84,-4.77,-4.73,-1.61,-9.75,-12.07,-20.17,-26.31,-34.95,-38.36,-28.28,-24.83,-21.07,-29.11,-34.18,-37.14,-36.44
subregion,Oklahoma,Grocery & pharmacy,1.37,-1.24,-0.78,3.21,-0.16,-3.31,2.29,-2.45,-0.82,1.36,6.96,8.52,7.12,11.63,17.38,7.26,13.66,10.16,12.9,4.26,10.62,5.06,6.7,12.23,15.2,26.88,13.78,12.95,9.03,20.77,18.45,18.23,10.32,6.29,2.21,-7.6,-3.76,1.73,4.48,-3.04,-10.42,-5.99,-12.32
subregion,Oklahoma,Parks,16.64,27.57,7.5,20.68,-4.1,1.81,10.39,-38.08,-12.95,8.1,4.94,25.26,32.75,56.95,68.19,10.04,45.84,25.72,46.32,45.92,60.51,3.87,13.56,64.26,73.14,74.16,-14.48,-23.54,-20.6,-17.1,-0.4,47.63,25.35,-10.87,-9.06,-26.1,-1.23,50.94,72.53,56.52,23.86,13.07,28.84
subregion,Oklahoma,Transit stations,1.48,2.09,2.05,5.41,2.33,2.73,3.51,-0.32,,2.82,10.08,9.94,12.5,12.74,13.9,5.93,7.34,10.26,10.33,9.93,14.63,10.65,4.76,9.03,15.4,13.88,7.78,6.7,3.57,-1.79,-3.25,2.26,-6.11,-10.53,-8.9,-16.58,-16.52,-13.89,-9.17,-16.51,-22.04,-20.11,-23.04
subregion,Oklahoma,Workplace,0.56,-19.15,0.3,3.32,1.38,2.78,2.67,-0.28,1.88,2.2,3.61,2.61,3.17,4.01,3.49,2.78,2.32,4.19,2.72,2.9,3.51,1.53,1.75,1.85,3.69,0.86,-7.04,-2.75,-3.91,-18.86,-22.49,-25.06,-29.26,-29.79,-18.44,-26.5,-31.03,-33.6,-34.27,-38.2,-37.99,-26.7,-32.38
subregion,Oklahoma,Residential,-0.41,4.74,0.45,-1.09,0.21,0.07,-0.49,1.15,1.33,0.11,-1.65,-1.89,-2.48,-2.96,-2.7,-0.51,-1.98,-1.81,-2.16,-1.54,-2,-0.18,0.82,-1.23,-2.39,-2.21,3.09,2.67,2.1,6.2,7.84,7.87,10.96,13.17,9.11,9,13.25,12.92,11.69,14.15,16.45,10.71,9.08
subregion,Oregon,Retail & recreation,14.35,9.57,3.8,4.5,4.27,4.39,6.35,9.6,5.2,8.29,10.64,9.68,7.58,7.45,17.31,7.74,9.84,10.11,7.13,1.42,4.52,9.92,6.31,7.95,8.38,4.35,-4.3,-17.82,-10.52,-5.21,-21.71,-24.87,-28.28,-31.6,-39.82,-37.4,-37.9,-47.29,-44.83,-45.6,-49.55,-54.54,-50.59
subregion,Oregon,Grocery & pharmacy,2.7,1.84,2.14,2.77,3.97,0.91,2.77,1.72,1.3,3.72,5.61,5.33,4.29,5.41,9.49,6.91,12.41,8.76,7.87,1.96,3.22,4.51,6.37,7.6,8.59,16.86,19.78,6.9,3.58,17.3,12.43,7.56,5.93,3.92,-3.55,-9.18,-10.61,-18.94,-17.21,-16.93,-20.94,-23.93,-24.85
subregion,Oregon,Parks,32.64,73.9,41.57,51.27,32.7,37.01,71.79,-11.47,27.82,43.67,51.33,49.26,23.69,7.86,22.52,13.74,39.53,57.1,37.49,-3.29,16.01,23.84,60.05,70.67,56.6,43.3,-7.25,-11.72,15.77,53.23,62.66,75.94,76.16,66.28,81.33,47.61,-4.65,-16.79,3,-0.74,-28,-25.26,-22.15
subregion,Oregon,Transit stations,2.75,-3.46,4.99,6.14,4.34,6.98,8.53,3.15,3.18,4.33,6.19,7.79,6.76,6.09,9.16,1.58,2.43,5.6,3.91,-0.68,3.95,4.64,1.34,2.65,1.49,-2.92,-11.2,-15.79,-13.65,-15.91,-19.89,-24.01,-28.18,-31.19,-26.33,-31.48,-40.37,-44.01,-42.95,-45.54,-49.13,-45.14,-46.79
subregion,Oregon,Workplace,0.2,-25.46,0.53,1.34,1.41,3.75,2.56,1.4,3.77,1.94,1.88,1.26,2.81,2.74,2.8,2.9,1.22,1.08,0.78,0.59,2.7,0.99,1.59,0.38,-0.44,-2.78,-6.17,-6.2,-9.43,-21.67,-29.21,-32.61,-34.88,-35.01,-24.97,-29.91,-41.11,-46.94,-47.94,-48.45,-47.44,-35.62,-38.18
subregion,Oregon,Residential,-0.82,4.16,-0.37,-0.79,-0.79,-1.26,-1.57,-0.14,-0.61,-0.84,-1.45,-1.41,-1.44,-0.85,-1.29,-0.46,-0.56,-0.85,-0.67,0.62,0.01,-0.2,-0.29,-0.32,-0.2,1,3.75,5.53,4.22,6.62,10.01,11.02,12.06,12.85,8.4,7.78,14.6,18.31,17.99,18.51,20.27,13.83,12.04
subregion,Pennsylvania,Retail & recreation,8.85,8.13,0.91,1.4,1.11,0.47,8.52,10.99,2.57,3.7,7.46,2.61,4.44,9.08,16.33,7.63,9.22,9.46,9.15,0.66,10.38,14.75,9.39,6.35,7.17,8.13,1.35,-6.94,-8.02,-5.93,-28.47,-33.33,-34.73,-38.6,-47.99,-46.96,-49.7,-45.1,-48.53,-43.69,-45.61,-58.46,-50.39
subregion,Pennsylvania,Grocery & pharmacy,0.88,-1.18,-2.33,-0.11,-0.66,-2.23,2.7,5.16,0.22,-1.1,3.57,-0.72,1.53,2.61,7.9,3.95,4.95,6.62,7.09,-0.31,5.83,8.55,6.96,4.65,9.54,21.13,21.89,12.63,8.39,18.36,2.14,-2.02,-0.73,-1.12,-11.25,-17.91,-24.6,-18.96,-22.84,-17.6,-19.54,-32.96,-26.61
subregion,Pennsylvania,Parks,29.43,42.92,12.14,17.69,9.8,6.06,53.13,99.57,35.88,0.91,8.25,0.17,2.04,-3.5,39.45,30.8,4.05,27.01,37.37,-6.78,25.95,126.9,103.68,16.69,29.32,39.05,32.7,40.13,62.56,9.51,-3.59,30.74,-0.49,14.82,20.35,38.05,-52.52,9.71,-29.22,52.39,27.45,-52.92,6.66
subregion,Pennsylvania,Transit stations,0.38,-10.68,2.37,2.08,1.12,0.76,6.27,3.83,1.65,0.61,4.52,2.08,4.27,5.02,5.88,2.12,2.61,4.32,4.74,-0.79,6.58,7.57,0.69,-1.87,-0.14,-4.45,-10.87,-8.26,-14.77,-26.19,-34.44,-36.71,-41.92,-42.75,-39.62,-46.14,-57.97,-51.38,-54.61,-50.36,-51.92,-55.35,-52.1
subregion,Pennsylvania,Workplace,0.5,-20.56,1.48,1.67,1.41,2.92,3.97,3.34,2.77,2.25,1.85,0.75,2.67,2.44,3.01,2.4,1.85,1.49,1.37,1.37,2.65,1.43,0.04,-0.4,-0.97,-2.5,-7.08,-2.18,-7.5,-21.84,-31.1,-34.82,-37.42,-40.66,-31.14,-32.72,-50.1,-50.91,-51.82,-51.51,-50.15,-38.52,-37.52
subregion,Pennsylvania,Residential,-0.53,4.83,0.38,-0.13,0.33,0.54,-1.09,-1.28,0.03,0.17,-0.64,0.62,0.03,-0.74,-1.29,-0.18,-0.3,-0.72,-0.76,0.94,-1.04,-1.54,-0.32,0.61,0.13,0.59,3.45,2.93,3.33,8.18,12.78,13.92,16,18.73,12.65,10.2,21.46,20.72,22.2,21.06,22.77,16.57,12.13
subregion,Rhode Island,Retail & recreation,8.78,12.71,-0.3,4.26,3.82,2.4,7.73,12.04,6.92,4.1,8.34,6.89,7.54,7.34,12.89,9.3,9.39,9.3,7.96,3.76,5.25,11.07,13.21,8.2,7.34,6.32,-1.47,-8.78,-12.6,-8.45,-31.26,-28.25,-35.72,-32.28,-39.04,-42.19,-41.66,-39.59,-43.31,-37.86,-39.28,-46.09,-54.91
subregion,Rhode Island,Grocery & pharmacy,-4.16,-2.79,-6.87,-2.23,-3.88,-6.79,-4.33,-1.67,-1.81,-2.64,-0.52,-3.08,-1.19,-2.36,7.47,7.24,6.05,3.24,3.3,-3.51,-1.45,-0.61,2.96,2.26,5.17,23.57,34.39,20.1,6.04,19.53,4.5,2.84,-1.44,10.24,0.17,-15.84,-16.65,-13.92,-18.78,-11.41,-13.78,-15.94,-29.75
subregion,Rhode Island,Parks,11.95,90.84,-11.17,16.35,6.55,1.29,89.17,105.63,87.08,18.26,7,5.04,2.16,31.15,-2.67,34.4,60.9,21.49,54.03,7.79,35.48,68.1,165.04,64.96,56.06,33.32,-9.53,98.25,80.72,41.39,-8.63,107.46,-16.17,54.97,145.87,61.78,-22.05,64.96,-3.75,138.87,135.91,99.12,-49.51
subregion,Rhode Island,Transit stations,6.7,-13.35,-3.01,0.38,1.38,-1.32,5.29,7.62,2.9,4.59,3.71,2.95,6.56,5.04,8.84,-0.97,2.2,-1.38,3.54,-1.14,-3.29,4.27,-3.29,-6.21,-7.25,-9.27,-21.2,-15.65,-20.74,-32.49,-39.8,-40.7,-52.67,-46.72,-43.44,-51.22,-59,-55,-58.71,-55.23,-53.66,-55.05,-67.38
subregion,Rhode Island,Workplace,1.27,-31.18,-9.37,-5.43,-4.41,-3.32,2.02,3.89,3.92,2.45,1.66,1.95,3.91,2.24,5.1,3.26,1.79,1.11,2.47,3.47,1.75,4.12,1.65,0.43,-2.78,-1.34,-3.32,-3.62,-4.88,-21.85,-30.73,-33.3,-36.37,-35.14,-24.73,-27.78,-40.44,-44.09,-45.82,-45.39,-44.32,-34.81,-36.79
subregion,Rhode Island,Residential,-0.6,6.9,2.82,0.9,1.23,1.93,-1.25,-1.35,-0.72,0.02,-0.76,-0.11,-0.56,-1.44,-1.34,-0.7,-0.79,-0.56,-0.88,0.59,-0.49,-0.84,-0.79,0.1,0.64,1.09,4.07,3.35,4.24,8.83,14.17,13.69,17.46,17.51,11.21,10.51,18.26,19.12,20.5,19.31,21.02,13.87,13.99
subregion,South Carolina,Retail & recreation,3.48,5.59,-0.88,0.91,-7.06,1.68,5.03,5,-1.47,5.53,10.29,12.77,12.05,15.15,15.56,9.76,10.16,6.66,1.64,9.04,10.59,11.89,8.61,8.59,9.97,10.55,8.29,4.07,2.45,-0.64,-8.42,-18.83,-22.06,-24.77,-31.7,-39.3,-33.84,-35.75,-30.15,-31.21,-31.97,-35.36,-37.86
subregion,South Carolina,Grocery & pharmacy,-1.3,2.14,-1.12,0.39,-4.82,-1.99,0.62,0.62,-2.33,1.28,1.74,4.79,5.39,7.75,7.94,6.23,8.18,2.87,-1.78,5.33,6.93,7.12,7.95,8.63,7.33,14.75,22.19,17.64,22.89,23.69,17.14,11.44,10.14,10.13,4.48,-9.08,-6.9,-8.5,-5.34,-6.11,-5.72,-4.16,-11.46
subregion,South Carolina,Parks,-9.36,36.83,-11.24,-12.78,-28.94,-6.84,27.43,17.15,-7.66,-1.08,-7.29,8.54,10.53,39.38,24.67,19.52,3.32,-10.7,-24.64,20.64,53.11,38.26,53.36,33.49,42.54,42.51,41.28,64.48,14.51,12.55,5.69,9.77,32.31,30.68,39.03,-22.2,-20.9,-28.46,-2.07,-4.57,5.55,12.24,-3.9
subregion,South Carolina,Transit stations,10.72,7.86,2.17,1.12,-0.79,5.43,7.17,11.6,-1.18,2.78,8.03,13.31,14.57,14.61,25.45,8.41,4.31,4.74,1.9,11.87,17.62,23.95,6.9,7.71,9.84,10.91,10.42,9.51,16.16,-0.64,-2.45,-3.94,-8.78,-12.99,-15.64,-22.52,-25.23,-23.29,-21.4,-24.21,-27.17,-31.72,-33.91
subregion,South Carolina,Workplace,-1.19,-14.53,0.94,0.38,-1.28,-1.95,3.32,2.93,2.89,1.86,1.67,2.08,0.73,3.43,3.14,3.82,1.7,0.92,-0.61,1.92,3.43,1.85,2.33,1.08,0.67,0.01,-2.46,1.36,-2.89,-10.33,-15.29,-21.46,-23.37,-25.99,-17.27,-28.19,-29.86,-33.33,-34.01,-34.58,-35.4,-25.01,-34.29
subregion,South Carolina,Residential,0.32,3.02,1.5,1.1,4.05,1.23,-0.71,-0.62,0.91,0.62,-0.83,-1.11,-2.4,-2.88,-1.79,-1.08,0.35,0.52,2.77,-2.07,-1.86,-1.26,-1.06,-0.16,-1.04,-0.55,-1.29,-0.42,1.13,4.36,7.45,8.92,10.18,10.19,7.2,9.02,13.23,15.7,13.72,14.65,13.91,8.92,9.13
subregion,South Dakota,Retail & recreation,14.59,2.92,-4.74,-4.76,0.72,3.57,6.62,12.88,-4.59,-9.36,5.71,6.58,11.75,13.83,18.56,6.47,8.2,8.3,5.01,9.92,13.23,18.17,6.2,8.63,7.42,3.24,1.23,-20.51,-7.62,-7.01,-8.47,-14.11,-28.63,-25.65,-33.5,-31.03,-23.42,-28,-35.32,-36.8,-36.08,-48.88,-34.95
subregion,South Dakota,Grocery & pharmacy,11.29,0.36,1.17,-0.85,3.05,5.7,8.9,17.1,5.84,-3.77,10.01,7.86,12.81,17.65,21.06,10.52,10.67,10.49,5.4,10.93,15.46,17.69,9.35,19.68,25.17,24.67,35.8,6.55,12.22,21.35,21.66,18.08,4.4,8.09,6.77,1.98,6.27,3.76,-3.46,-4.18,-0.63,-11.1,-2.71
subregion,South Dakota,Parks,28.1,-6.67,-2.25,-4.32,6.86,21.88,33.69,46.18,-3.81,-13.91,3.01,6,12.83,25.2,15.66,12.38,17.93,31.46,15.01,36.21,68.48,83.12,23.8,21.52,49.57,13.72,12.45,-40.82,0.8,2.37,31.83,21.98,-21.89,-7.55,-0.28,34.53,47.14,48.88,-11.2,12.45,17.35,-16.72,126.09
subregion,South Dakota,Transit stations,1.22,4.04,0.29,1.4,6.29,4.45,2.99,5.49,-1.17,-4.7,5.64,7.67,8.92,10.07,11,7.8,8.79,11.29,9.58,12.64,14.98,9.78,5.77,9.96,9.59,7.67,3.71,-16.35,-3.99,-5.21,0.58,-0.29,-20.83,-15.88,-18.54,-22.64,-17.35,-12.04,-23.17,-20.28,-24.07,-31.35,-31.2
subregion,South Dakota,Workplace,0.82,-23.04,-0.87,1.07,1.2,4.7,2.34,4.95,3.78,-6.26,2.21,-0.22,1.96,1.41,5.32,4.87,2.42,2.21,1.71,5.34,2.34,2.47,2.07,-0.01,-0.39,-2.69,-1.06,-5.93,-6.26,-14.92,-18.65,-21.01,-25.17,-22.61,-13.33,-18.2,-23.3,-27.48,-29.84,-31.12,-28.98,-21.8,-25.29
subregion,South Dakota,Residential,-1.63,6.46,1.11,0.8,-0.18,-0.8,-0.77,-1.86,0.79,4.47,-1.26,-0.71,-1.03,-1.85,-2.43,-0.98,-1.06,-1.19,-0.49,-1.25,-2.15,-1.97,-0.21,-0.53,-0.96,0.99,2.56,7.61,3.53,7.43,7.91,9.3,13.98,14.89,10.4,7.43,11.25,12.83,15.63,16.01,17.78,14.68,7.91
subregion,Tennessee,Retail & recreation,5.92,5.81,-2.62,3.34,-5.32,0.43,6.15,2.66,-2.39,7.55,9.58,11.28,8.73,15.92,16.45,8.11,16.75,11.67,11.07,5.47,11.83,12.74,8.41,7.95,7.99,6.81,2.04,-4.23,-8,-3.67,-10.24,-14.8,-17.01,-27.05,-32.93,-36.55,-31.98,-38.58,-33.14,-30.72,-34.06,-37.81,-35.27
subregion,Tennessee,Grocery & pharmacy,1.46,-1.68,-3.13,3.33,-3.36,-1.67,3.63,1.02,-4.22,2.69,5.04,4.89,4.02,8.89,11.36,3.63,12.02,10.71,10.23,4.43,10.08,10.71,6.52,8.34,11.05,23.95,23.41,19.19,12.61,20.3,16.56,13.69,13.98,9.02,9.01,-0.04,-2.1,-9.51,-5.66,-6.35,-8.89,-6.58,-9.18
subregion,Tennessee,Parks,28.91,45.6,-11.36,12.96,-18.21,7.4,61.3,7.28,-19.24,26.58,0.34,12.75,12.32,59.87,59.05,-5.28,37.66,35.79,33.33,25.35,88.03,81.22,45.16,26.42,43.45,29.89,28.58,26.69,-1.69,10,8.4,21.5,38.37,-17.95,10.99,1.47,-16.47,-28.62,33.59,57.14,40.25,48.47,35.39
subregion,Tennessee,Transit stations,3.35,4.17,-0.56,3.78,-0.66,3.4,5.32,2.32,0.41,4.01,5.26,7.89,8.88,15.78,12.93,3.24,3.84,4.6,7.28,6.42,15.21,13.46,4.51,2.51,3.46,0.91,0.19,1.39,-5.27,-7.21,-9.16,-12.69,-15.93,-21.69,-15.78,-29.7,-27.48,-29.1,-25.9,-26.87,-30.48,-26.72,-34.76
subregion,Tennessee,Workplace,0.58,-15.34,1.13,2.79,-0.07,0.42,5.06,1.48,1.95,3.07,2.75,1.67,1.2,5.09,2.96,2.21,-7.61,0.47,0.66,-0.15,5.68,2.26,0.09,-0.63,-0.27,-2.47,-6.1,0.65,-6.83,-14.78,-19.34,-22.31,-23.95,-27.2,-16.4,-27.95,-33.73,-37.51,-38.1,-38.55,-39.09,-25.66,-34.35
subregion,Tennessee,Residential,-0.71,3.93,1.21,-0.55,1.99,0.43,-1.53,-0.29,2.03,-0.88,-0.65,-1.28,-1.06,-2.96,-2.39,0.67,0.47,-1.25,-1.61,-0.69,-2.71,-2.1,0.15,0.53,-0.17,0.05,1.55,1.53,2.55,5.76,7.85,8.88,8.92,12.9,7.72,8.26,14.7,17.17,15.38,14.47,15.89,8.92,8.4
subregion,Texas,Retail & recreation,7.89,5.5,-0.9,-1.56,-0.63,1.64,3.22,4.23,2.37,5.81,9.98,10.86,9.72,10.17,13.79,8.26,11.69,6.07,10.56,6.35,5.43,8.91,6.34,9.81,11.77,10.58,0.96,-8.1,-8.79,-3.91,-12.28,-16.15,-22.1,-29.72,-40.14,-41.22,-30.66,-29.68,-38.71,-38.42,-41.46,-46.81,-44.89
subregion,Texas,Grocery & pharmacy,3.21,1.81,-0.8,-0.49,-1.88,0,1.36,0.81,0.93,1.57,6.04,5.52,7.51,7.59,8.88,7.16,9.49,5.09,8.33,6.68,6.61,4.27,5.16,6.49,14.05,25.6,31.12,14.19,6.5,16.76,15.26,14.4,11.58,9,-3.18,-10.1,-3.62,-0.63,-12.64,-13.68,-15.35,-19.41,-22.78
subregion,Texas,Parks,19.71,21.21,-3.98,-12.41,-12.87,-1.7,13.17,-11.17,1.24,11.75,0.31,25.25,18.14,32.98,6.29,7.84,16.88,-9.98,34.06,20.53,21.35,11.12,6.91,39.4,49.06,47.82,3.77,-3.16,-16.9,-1.97,1.74,11.44,10.47,-33.11,-44.65,-40.64,-13.64,-2.97,-6.44,-1.72,-18.56,-34.88,-27.26
subregion,Texas,Transit stations,3.54,1.84,2.56,-0.37,-1.17,2.1,3.41,2.88,2.44,3.13,5.05,7.39,7.19,9.16,6.72,3.66,3.26,-0.42,5.45,6.42,10.56,6.3,0.97,3.41,4.04,1.14,-4.61,-2.17,-6.83,-12.53,-15.73,-19.23,-24.58,-30.38,-31.52,-37.18,-34.21,-32.34,-37.16,-39.13,-42.08,-43.36,-47.2
subregion,Texas,Workplace,0.58,-17.56,1.24,3.18,0.7,3.02,3.56,0.95,3.14,2.87,4.16,2.23,1.41,3.43,2.34,3.65,2.58,2.48,2.55,2.7,2.79,-0.02,-8.83,-9.6,-8.55,-11.37,-14.9,-3.36,-7.3,-21.81,-26.49,-28.54,-32.08,-33.9,-21.96,-28.84,-36.11,-40.39,-43.91,-45.33,-44.76,-32.02,-35.89
subregion,Texas,Residential,-1.29,3.84,0.26,0.73,1.3,-0.93,-1.21,-0.11,-0.26,-1.02,-1.31,-1.72,-2.25,-2.96,-1.63,-1.41,-1.51,0.88,-1.8,-2.13,-1.96,-1.12,1.67,1.03,0.61,0.94,3.6,2.26,3.06,7.33,10.19,11.82,13.47,16.58,12.63,11.08,15.35,16.82,19.59,19.91,21.28,15.43,12.85
subregion,Utah,Retail & recreation,5.39,17.6,1.05,3.13,4.38,4.22,3.05,11.34,4.92,6.55,10.23,9.6,7.67,5.44,2.11,9.69,10,8.55,9.81,6.91,4.64,11.46,7.59,7.67,8.02,10.42,-1.76,-13.4,-6.44,-7.03,-17.83,-26.07,-29.7,-33.43,-39.75,-33.43,-30.86,-32.87,-34.22,-36.01,-38.06,-46.38,-40.9
subregion,Utah,Grocery & pharmacy,3.13,8.33,4.53,5.71,6.38,9.09,7.01,12.75,8.26,8.73,10.43,11.76,13.8,12.39,7.94,15.77,15.85,15.54,16.49,15.45,13.44,14.89,14.35,14.48,19.18,47.29,44.26,22.54,24.45,30.08,21.59,19.94,7.83,10.37,-1.14,-2.78,-2.24,-4.23,-5.39,-5.33,-4.06,-15.93,-14.2
subregion,Utah,Parks,-3.12,40.83,20.43,13.75,17.2,25.3,22.29,41.85,6.91,22.42,25.49,36.95,47.82,36.02,-17.43,10.98,34.62,50.27,64.94,61,46.66,20.45,37.09,76.87,51.56,64.7,12.4,14.68,68.13,61.62,95.31,13.91,7.6,22.29,47.88,83.69,19.26,27.35,1.36,-1.59,13.67,-1.07,26.34
subregion,Utah,Transit stations,-8.24,-7.38,2.4,1.33,4.05,4.5,3.57,7.25,4.8,3.24,6.38,7.53,9.86,9.49,4.67,4.85,1.6,6.12,5.42,4.45,6.88,5.41,1.52,-1.73,-0.09,-1.77,-9.5,-8.06,-4.49,-16.58,-22.01,-33.45,-32.77,-35.32,-28.33,-31.49,-36.94,-38.95,-40.32,-42.71,-42.53,-40.38,-43.67
subregion,Utah,Workplace,-2.94,-39.07,1.67,1.72,1.56,5.84,3.27,2.14,3.26,2.93,2.14,2.14,4.96,3.62,-0.7,2.91,-0.14,1.84,1.88,4.54,3.12,1.34,1.01,1.47,1,-0.54,-3.9,-3,-19.01,-21.89,-28.01,-42.2,-36.48,-35.02,-19.58,-33.71,-38.68,-41.2,-43.05,-44.03,-40.69,-27.75,-39.91
subregion,Utah,Residential,0.24,7.17,-0.36,-0.38,-0.35,-0.81,-0.4,-0.98,-0.27,-0.89,-1.29,-1.09,-1.7,-1.59,0.53,-0.69,-0.37,-1.07,-1.08,-1.2,-0.95,,-0.09,-0.77,-0.72,-0.12,3.17,3.91,3.64,7.5,10.3,16.96,15.97,15.82,9.65,7.22,15.21,16.76,17.99,19.37,18.27,12.82,10.05
subregion,Vermont,Retail & recreation,21.98,19.33,-5.08,5.83,7.33,4.11,8.79,11.59,7.8,4.19,6.04,-4.77,2.66,6,15.48,9.82,15.66,3.14,5.63,3.16,10.37,12.89,9.18,1.09,2.51,2.93,-3.48,-5.55,-7.67,-5.39,-23.67,-29.8,-36.68,-41.03,-46.22,-47.23,-43.73,-45.74,-39.3,-53.29,-53.4,-58.77,-61.65
subregion,Vermont,Grocery & pharmacy,11.17,8.97,-4.02,1.5,2.35,0.68,0.06,6.99,2.53,0.45,0.59,-6.72,0.06,-2.73,11,4.06,10.02,3.83,6.78,1.43,0.44,10.53,8.81,2.54,5.34,13.94,13.53,10.7,13.76,17.95,5.47,-3.55,-7.9,-12.04,-19.46,-20.7,-23.04,-21.06,-10.56,-31.38,-31,-35.87,-41.62
subregion,Vermont,Parks,46.88,41.34,-3.21,8.5,2.07,6.1,53.11,46.88,20.3,3.99,-4.97,-20.84,-6.12,16.14,16.37,-0.76,28.79,-3.55,13.88,8.88,27.59,49.14,51.87,2.39,-4.26,6.25,-15.57,21.35,10.16,15.03,-12,20.56,2.07,-13.89,8.85,17.51,-27.83,-12,-12.07,5.55,1.65,21.86,-55.38
subregion,Vermont,Transit stations,11.52,19.32,9.23,10,7.14,11.15,24.76,7.33,7.24,3.59,7,-5.72,8.26,16.5,5.75,7.24,13.33,5,9.04,7.02,24.76,13.08,7.72,2.56,1.99,-2.38,-19.84,-4.86,-32.46,-22.71,-26.15,-29.01,-37.14,-47.93,-43.69,-53.4,-45.9,-39.49,-43,-48.1,-54.55,-58.25,-71.2
subregion,Vermont,Workplace,3.52,-18.26,-3.75,-3.36,-1.06,-3.1,1.59,3.06,-7.62,-7.73,-8.6,-7.87,-8.9,0.24,2.14,-6.28,-10.07,1.08,4.66,1.69,1.96,3.52,-0.56,-1.09,-1.21,0.95,-4.38,-2.7,-7.51,-13.01,-23.39,-31.34,-33.21,-37.06,-29.82,-31.09,-43.24,-47.05,-46.96,-52.51,-53.39,-41.23,-43.03
subregion,Vermont,Residential,-1.61,3.81,2.64,1.29,0.83,1.41,-1.14,-2.38,0.77,0.96,1.84,3.48,2.09,-0.75,-2.07,0.94,0.87,1.14,-0.56,0.66,-0.85,-1.7,-0.29,1.08,1.37,0.82,3.86,2.68,2.68,6.03,10.66,13.35,15.35,17.73,11.03,8.63,17.46,19.54,19.57,22.32,24.11,14,12.66
subregion,Virginia,Retail & recreation,3.95,7.81,1.4,2.26,-2.42,-2.8,3.55,4.86,1.11,3.9,6.93,6.29,6.17,5.95,9.86,7.12,13.8,8.6,6,2.66,5.72,7.32,6.93,6.15,7.25,7.44,3.14,-7.22,-13.87,-7.33,-13.47,-20.65,-22.65,-26.06,-37.16,-38.4,-33.54,-31,-39.22,-35.03,-36.96,-41.71,-39.41
subregion,Virginia,Grocery & pharmacy,0.19,1.62,1.88,2.35,3.34,-6.76,2.21,2.78,-0.11,0.97,4.04,3.86,3.78,6.16,8.87,5.36,9.94,7.55,5.96,0.7,7.93,8.01,7.52,7.93,9.49,19.53,21.72,14.09,5.09,13.59,10.24,5.35,4.81,3.1,-3.58,-11.69,-10.4,-7.02,-16.72,-9.02,-12.98,-13.56,-15.67
subregion,Virginia,Parks,8.81,40.9,22.38,6.46,-6.75,-6.87,32.14,43.03,3.62,11.08,6.65,4.2,7.43,-1.23,24.31,19.79,39.67,38.66,18.73,5.18,27.36,62.18,63.99,39.51,40.37,43.56,46.49,36.98,-12.74,9.98,52.39,25.8,61.92,59.37,5.85,15.01,-28.8,29.21,-27.99,34.36,41.4,23.71,45.78
subregion,Virginia,Transit stations,-0.82,-6.43,4.45,3.11,0.89,-1.78,6.11,6.52,1.09,2.07,5.83,6.11,6.18,6.03,9.13,1.94,1.98,5.43,4.33,2.57,7.95,7.05,-1.07,-1.51,0.36,-2.93,-8,-6.42,-16.72,-24.56,-25.46,-29.99,-33.95,-36.33,-33.62,-42.69,-49.42,-42.92,-49.05,-46.17,-48.64,-44.37,-49.85
subregion,Virginia,Workplace,-0.34,-26.93,2.72,1.59,0.54,-4.15,2.09,2.17,5.46,2.78,1.75,1.81,2.04,1.85,2.46,5.18,-3.8,2.05,2.23,1.15,1.28,0.35,2.57,0.65,-0.98,-2.76,-7.92,-2.52,-10.67,-20.01,-27.52,-32.82,-34.58,-35.88,-23.51,-30.9,-40.17,-42.09,-46.26,-44.76,-44.15,-30.94,-35.99
subregion,Virginia,Residential,-0.49,6.49,-0.5,-0.24,1.55,3.33,-0.73,-0.69,0.24,0.04,-0.72,-0.56,-0.85,-1.21,-1.28,-0.54,0.15,-1.17,-0.73,0.47,-1.06,-0.95,-0.22,-0.17,-0.17,0.46,2.74,2.53,4.8,8.8,10.67,13.41,14.19,15.44,10.93,10.01,18.59,17.23,21.01,18.8,19.6,12.37,10.53
subregion,Washington,Retail & recreation,15.31,11.7,4.54,3.5,4.04,3.31,3.88,10.31,2.59,5.62,9.11,9.04,6.56,6.84,18.12,4.23,6.02,5.45,1.97,-1.73,-2.73,6.56,1.89,1.28,0.55,-1.19,-8.9,-19.04,-9.97,-13.48,-26.16,-28.02,-30.92,-32.68,-42.74,-38.48,-36.16,-40.75,-43.98,-48.91,-50.62,-55.4,-47.87
subregion,Washington,Grocery & pharmacy,2.92,1.51,1.86,2.53,2.58,-0.99,-0.35,0.15,-1.07,1.29,4.36,3.91,2.43,6.5,9.54,8.06,11.22,8.79,6.92,2.24,0.77,1.6,3.29,4.57,8.73,15.28,16.79,7.81,4.7,19.04,7.6,5.2,3.07,3.05,-9.05,-14.51,-8.74,-13.07,-16.11,-20.95,-22.25,-25.98,-25.61
subregion,Washington,Parks,19.06,62.53,52.46,59.66,52.99,54.75,43.5,-10.82,14.97,36.24,47.55,56.9,30.94,30.68,27.17,-6.54,22.58,56.4,21.35,13.32,17.5,33.57,48.88,36.91,46.19,38.68,-14.62,3.33,27.66,44.84,62.31,92.55,86.69,86.37,75.02,29.79,-3.95,-3.48,6.66,-15.03,-19.24,-26.13,-10.58
subregion,Washington,Transit stations,5.45,-6.95,6.66,7.08,5.2,3.85,9.2,3.16,2.58,4.99,6.66,8.55,6.21,4.94,8.94,-3.41,-2.27,-2.42,-7.72,-11.9,-5.62,-4.92,-14.64,-15.24,-16.04,-20.24,-27.73,-22.1,-22.01,-30.84,-33.45,-36.19,-41.12,-41.59,-37.38,-43.54,-50.2,-51.96,-53.98,-58.59,-60.61,-56.25,-56.03
subregion,Washington,Workplace,-0.86,-34.85,-3.97,-1.67,-1.7,-1.12,0.29,0.68,4.21,1.82,1.84,1.71,2.52,1.55,2.33,2.36,-1.06,-2.31,-5.86,-8.06,-0.65,-1.72,-8.34,-10.58,-11.18,-13.76,-17.11,-7.8,-10.57,-26.06,-35.28,-38.2,-40.24,-40.82,-27.73,-32.05,-43.97,-48.97,-51.94,-55.96,-55.52,-40.5,-41.32
subregion,Washington,Residential,-1.14,5.93,0.38,-0.51,-0.41,-0.68,-1,0.01,-0.73,-0.44,-1.41,-1.47,-1.64,-1.19,-1.18,0.05,0.78,0.46,2.18,2.99,1.42,0.8,2.78,3.98,3.77,4.87,7.17,5.76,4.45,8.86,13.34,13.82,15.2,15.46,10.08,9.15,16.53,19.87,20.59,23.26,24.09,15.65,12.77
subregion,West Virginia,Retail & recreation,6.75,4.77,3.22,3.73,1.79,0.3,7.95,8.34,3.62,9.59,13.63,4.77,8.1,12.97,21.81,11.63,19.66,15.77,13.36,0.59,12.1,18.05,12.71,10.84,10.36,11.71,6.64,-0.19,-3.23,-0.84,-4.64,-17.96,-22.18,-30.28,-35.27,-39.84,-33.71,-35.59,-46.11,-39.91,-43.45,-41.92,-37.55
subregion,West Virginia,Grocery & pharmacy,0.65,-1.72,-1.4,-3.46,-2.53,-7.02,-0.08,3.9,-0.52,1.62,2.7,-2.81,0.19,3.22,13.18,4.3,12.13,5.98,7.56,-4.55,2.84,11.34,7.15,4.73,5.48,17.21,18.58,12.74,10.88,15.92,14.24,9.76,9.54,1.02,5.13,-10.01,-4.81,-11,-25.38,-17.75,-23.45,-17.25,-16.11
subregion,West Virginia,Parks,28.28,14.36,4.87,11.14,-0.18,3.14,42.01,49.99,3.78,9.74,7.37,-8.45,-2.64,4.59,39.95,0.94,9.35,26.46,22,-0.17,28.07,89.33,48.57,6.63,22.3,38.37,22.14,23.12,7.98,4.16,7.4,15.88,8.62,14.04,0.55,32.58,-21.93,5.26,-14.93,26.22,2.64,59.81,52.25
subregion,West Virginia,Transit stations,3.39,3.13,4.59,2.25,2,-1.94,2.78,8.63,3.72,2.87,4.88,3.28,2.8,6.96,17.53,4.69,5.93,8.64,7.67,4.91,13.68,25.12,7.24,3.63,7.13,7.67,6.32,4.87,12.55,1.17,-2.12,-3.58,-9.7,-18.99,-16.72,-17.55,-25.49,-22.99,-27.07,-27.98,-35.68,-31.79,-31.42
subregion,West Virginia,Workplace,0.53,-14.52,0.93,0.61,1.57,1.74,2.88,3.36,2.23,2.17,1.95,-3.32,-0.73,1.81,3.63,2.18,2.57,1.96,2.55,0.34,2.52,3.36,0.09,0,-0.26,0,-2.59,-1.9,-4.95,-12.94,-15.92,-20.73,-22.63,-26.37,-21.89,-26.84,-33.26,-37.03,-41.93,-41.03,-40.97,-29.58,-32.59
subregion,West Virginia,Residential,-0.22,4.15,0.05,-0.09,0.56,0.81,-0.69,-0.9,1.23,-0.49,-1.01,2.38,1.05,-0.67,-1.81,0.65,-1.35,-1.32,-0.9,1.72,-0.65,-1.88,0.27,0.06,-0.4,-0.51,1.04,1.69,2.49,5.39,5.57,7.4,9.18,11.75,8.62,7.59,13.91,13.1,16.21,15.01,17.7,9.46,7.95
subregion,Wisconsin,Retail & recreation,11.56,-6.02,-0.79,-0.62,0.18,2.23,11.23,15.45,1.65,-0.17,3.49,4.57,5.2,13.49,19.38,5.16,6.57,7.74,4.17,5.12,13.99,17.95,0.01,5.63,5.38,5.87,2.37,-4.71,-4.86,-9.54,-19.69,-34.12,-39.42,-40.21,-48.23,-49.78,-36.43,-46.61,-51.86,-51.27,-50.59,-57.82,-54.71
subregion,Wisconsin,Grocery & pharmacy,5.9,-2.27,-0.09,-0.09,-1.08,-0.34,8.64,9.77,5.34,-0.77,0.71,0.62,0.25,8.6,11.9,5.01,5.06,5.02,1.66,2.3,11.3,12.96,0.65,5.53,6.7,19.16,24.69,22.64,12.52,19.22,14.11,3.18,-3.05,3.4,-4.3,-20.88,-3.62,-16.4,-24.75,-24.28,-22.98,-26.03,-29.94
subregion,Wisconsin,Parks,34.06,-1.4,17.45,0.26,-1.57,8.5,50.32,65.21,9.27,8.09,6.31,4.8,7.09,28.25,90.24,19.45,15.77,25.68,7.27,14.56,52.28,132.65,-1.19,38.12,15.29,10.59,12.97,2.19,46.66,6.78,57.67,-5.18,-16,-5.79,23.43,26.24,24.78,43.36,43.43,15.14,32.67,-25.51,-11.92
subregion,Wisconsin,Transit stations,-0.61,-6.93,3.34,-0.15,0.13,3.96,8.91,7.56,-1.2,-0.34,0.8,4.35,7.84,10.31,11.03,-0.05,3.82,4.89,4.17,7.97,15.03,14.94,-4.44,4.15,2.56,1.66,2.22,-2.25,-6.83,-16.08,-11.36,-21.17,-26.92,-28.32,-27.83,-38.85,-34.13,-34.97,-36.92,-38.6,-38.7,-46.16,-49.81
subregion,Wisconsin,Workplace,2.34,-5.47,-0.44,1.75,1.82,1.52,5.37,4.66,3.07,1.74,2.1,2.33,2.2,5.16,4.59,3.6,-0.22,2.49,2.41,3.48,6.39,4.28,2,1.26,1.31,0.76,0.2,1.92,-1.47,-12.53,-21.08,-27.91,-31.11,-32.33,-20.42,-27.28,-36.24,-41.15,-44.08,-44.41,-43.46,-30.53,-34.34
subregion,Wisconsin,Residential,-1.57,2.98,0.45,0.1,0.32,0.75,-1.87,-2.27,-0.26,0.33,-0.29,-0.4,0.2,-2.01,-2.61,-0.44,0.33,-0.85,0.15,0.1,-1.96,-2.33,0.84,-0.17,0,0.69,1.74,2.74,2.28,6.37,9.45,13.53,16.06,18.31,11.96,10.09,15.76,18.66,20.23,21.32,22.96,15.99,12.55
subregion,Wyoming,Retail & recreation,4.95,2.34,2.09,-0.4,4.71,2.93,7.31,8.36,-1.89,-0.84,7.63,9.01,10.14,12.75,0.09,5.3,10.98,9.09,11.13,8.05,12.77,8.96,9.43,8.64,8.17,5.81,-3.13,-7.08,-4.11,0.61,-7.28,-13.18,-31.17,-37.86,-38.62,-38.12,-28,-31.18,-35.16,-36.2,-41.67,-43.61,-37.22
subregion,Wyoming,Grocery & pharmacy,1.91,1.6,4.41,0.38,4.8,6.99,9.19,8.05,3.74,2.47,8.73,7.32,12.11,13.29,2.74,8.41,14.24,12.5,12.27,12.25,14.85,10.2,16.14,15.4,15.58,25.51,29.27,20.44,16.76,33.28,27.16,21.38,4.21,7.07,4.31,-6.56,2.98,-0.39,-5.88,-6.51,-8.08,-12.1,-13.19
subregion,Wyoming,Parks,-0.37,2.22,2.88,-2.03,4.02,13.91,15.83,6.98,-0.89,-4.53,1.62,4.41,20.3,10.23,-20.96,0.44,2.88,6.9,18.47,31.95,39.27,2.93,18.67,15.22,16.25,4.41,-1.51,-14.53,2.93,15.55,24.28,15.85,-26.51,-16.54,18.81,9.19,32.88,11.52,-0.41,12.04,-3.76,-8.91,29.4
subregion,Wyoming,Transit stations,-11.96,6.29,5.27,-2.36,5.97,16.38,14.45,-0.34,-3.16,-3.24,4.54,9.21,16.87,18.77,-13.26,-18.16,-17.9,9.88,8.4,15.57,20.92,4.41,7.58,8.17,6.27,9.7,3.24,7.63,-0.34,3.14,3.57,-1.73,-26.54,-8.12,9.3,-10.97,-3.9,-8.7,-12.1,-14.09,-13.48,-7.15,-14.41
subregion,Wyoming,Workplace,0.57,-25.57,3.03,1.6,1.43,3.5,3.75,3.23,2.81,0.45,2.43,1.91,2.85,1.73,1.03,4.16,4.18,3.17,2.03,2.85,4.24,2.19,3.92,3.42,1.57,0.33,-3.31,-2.13,-3.13,-16.38,-19.07,-23.44,-29.15,-28.91,-21.24,-26.25,-30.27,-32.94,-34.77,-35.76,-34.91,-27.52,-29.26
subregion,Wyoming,Residential,0.11,6.33,-0.17,0.24,-0.26,-0.51,-1.4,-0.26,1.16,2.6,-0.61,-0.81,-1.54,-2.19,1.57,0,-0.7,-0.83,-1.09,-1.08,-2.51,-0.13,-1.02,-1.05,-1.3,0.09,2.9,3.35,1.72,4.17,6.02,7.47,14.48,15.29,8.86,7.87,10.53,12.59,13.86,14.56,17,11.4,8.27